,cik_str,ticker,title
0,320193,AAPL,Apple Inc.
1,1045810,NVDA,NVIDIA CORP
2,789019,MSFT,MICROSOFT CORP
3,1018724,AMZN,AMAZON COM INC
4,1652044,GOOGL,Alphabet Inc.
5,1326801,META,"Meta Platforms, Inc."
6,1067983,BRK-B,BERKSHIRE HATHAWAY INC
7,1730168,AVGO,Broadcom Inc.
8,1046179,TSM,TAIWAN SEMICONDUCTOR MANUFACTURING CO LTD
9,1318605,TSLA,"Tesla, Inc."
10,59478,LLY,ELI LILLY & Co
11,104169,WMT,Walmart Inc.
12,1403161,V,VISA INC.
13,19617,JPM,JPMORGAN CHASE & CO
14,884394,SPY,SPDR S&P 500 ETF TRUST
15,1141391,MA,Mastercard Inc
16,34088,XOM,EXXON MOBIL CORP
17,731766,UNH,UNITEDHEALTH GROUP INC
18,1341439,ORCL,ORACLE CORP
19,909832,COST,COSTCO WHOLESALE CORP /NEW
20,80424,PG,PROCTER & GAMBLE Co
21,200406,JNJ,JOHNSON & JOHNSON
22,1065280,NFLX,NETFLIX INC
23,1551152,ABBV,AbbVie Inc.
24,354950,HD,"HOME DEPOT, INC."
25,353278,NVO,NOVO NORDISK A S
26,1577552,BABA,Alibaba Group Holding Ltd
27,70858,BAC,BANK OF AMERICA CORP /DE/
28,21344,KO,COCA COLA CO
29,1000184,SAP,SAP SE
30,1283699,TMUS,"T-Mobile US, Inc."
31,2008670,RCIT,REELCAUSE INC
32,937966,ASML,ASML HOLDING NV
33,93410,CVX,CHEVRON CORP
34,1108524,CRM,"Salesforce, Inc."
35,1094517,TM,TOYOTA MOTOR CORP/
36,310158,MRK,"Merck & Co., Inc."
37,858877,CSCO,"CISCO SYSTEMS, INC."
38,901832,AZN,ASTRAZENECA PLC
39,1413329,PM,Philip Morris International Inc.
40,51143,IBM,INTERNATIONAL BUSINESS MACHINES CORP
41,72971,WFC,WELLS FARGO & COMPANY/MN
42,1800,ABT,ABBOTT LABORATORIES
43,1114448,NVS,NOVARTIS AG
44,1707925,LIN,LINDE PLC
45,63908,MCD,MCDONALDS CORP
46,40545,GE,GENERAL ELECTRIC CO
47,77476,PEP,PEPSICO INC
48,1306965,SHEL,Shell plc
49,1467373,ACN,Accenture plc
50,1089113,HSBC,HSBC HOLDINGS PLC
51,97745,TMO,THERMO FISHER SCIENTIFIC INC.
52,1321655,PLTR,Palantir Technologies Inc.
53,732717,T,AT&T INC.
54,1067839,QQQ,"INVESCO QQQ TRUST, SERIES 1"
55,732712,VZ,VERIZON COMMUNICATIONS INC
56,895421,MS,MORGAN STANLEY
57,4962,AXP,AMERICAN EXPRESS CO
58,1744489,DIS,Walt Disney Co
59,101829,RTX,RTX Corp
60,1035267,ISRG,INTUITIVE SURGICAL INC
61,1061736,FMX,MEXICAN ECONOMIC DEVELOPMENT INC
62,804328,QCOM,QUALCOMM INC/DE
63,1373715,NOW,"ServiceNow, Inc."
64,318154,AMGN,AMGEN INC
65,1393818,BX,Blackstone Inc.
66,1737806,PDD,PDD Holdings Inc.
67,796343,ADBE,ADOBE INC.
68,886982,GS,GOLDMAN SACHS GROUP INC
69,80661,PGR,PROGRESSIVE CORP/OH/
70,896878,INTU,INTUIT INC.
71,2488,AMD,ADVANCED MICRO DEVICES INC
72,18230,CAT,CATERPILLAR INC
73,97476,TXN,TEXAS INSTRUMENTS INC
74,1000275,RY,ROYAL BANK OF CANADA
75,1144967,HDB,HDFC BANK LTD
76,67088,MUFG,MITSUBISHI UFJ FINANCIAL GROUP INC
77,753308,NEE,NEXTERA ENERGY INC
78,64040,SPGI,S&P Global Inc.
79,1543151,UBER,"Uber Technologies, Inc"
80,313616,DHR,DANAHER CORP /DE/
81,1121404,SNY,Sanofi
82,78003,PFE,PFIZER INC
83,217410,UL,UNILEVER PLC
84,1075531,BKNG,Booking Holdings Inc.
85,882095,GILD,"GILEAD SCIENCES, INC."
86,885725,BSX,BOSTON SCIENTIFIC CORP
87,100885,UNP,UNION PACIFIC CORP
88,313838,SONY,Sony Group Corp
89,2012383,BLK,"BlackRock, Inc."
90,1378580,EADSY,Airbus SE/ADR
91,310764,SYK,STRYKER CORP
92,879764,TTE,TotalEnergies SE
93,773840,HON,HONEYWELL INTERNATIONAL INC
94,316709,SCHW,SCHWAB CHARLES CORP
95,1166691,CMCSA,COMCAST CORP
96,875320,VRTX,VERTEX PHARMACEUTICALS INC / MA
97,315189,DE,DEERE & CO
98,109198,TJX,TJX COMPANIES INC /DE/
99,831001,C,CITIGROUP INC
100,811809,BHP,BHP Group Ltd
101,60667,LOW,LOWES COMPANIES INC
102,1163165,COP,CONOCOPHILLIPS
103,6951,AMAT,APPLIED MATERIALS INC /DE
104,14272,BMY,BRISTOL MYERS SQUIBB CO
105,887028,RTNTF,RIO TINTO LTD
106,12927,BA,BOEING CO
107,1668717,BUD,Anheuser-Busch InBev SA/NV
108,1613103,MDT,Medtronic plc
109,8670,ADP,AUTOMATIC DATA PROCESSING INC
110,1973239,ARM,ARM HOLDINGS PLC /UK
111,1594805,SHOP,SHOPIFY INC.
112,798354,FI,FISERV INC
113,1327567,PANW,Palo Alto Networks Inc
114,896159,CB,Chubb Ltd
115,47710,HTHIY,HITACHI LTD
116,62709,MMC,"MARSH & MCLENNAN COMPANIES, INC."
117,1161167,AIQUY,L AIR LIQUIDE SA /FI
118,1551182,ETN,Eaton Corp plc
119,1639920,SPOT,Spotify Technology S.A.
120,829224,SBUX,STARBUCKS CORP
121,936468,LMT,LOCKHEED MARTIN CORP
122,948401,CFRUY,COMPAGNIE FINANCIERE RICHEMONT AG /FI
123,320187,NKE,"NIKE, Inc."
124,723125,MU,MICRON TECHNOLOGY INC
125,1045609,PLD,"Prologis, Inc."
126,50863,INTC,INTEL CORP
127,1103838,IBN,ICICI BANK LTD
128,6281,ADI,ANALOG DEVICES INC
129,1596532,ANET,"Arista Networks, Inc."
130,1099590,MELI,MERCADOLIBRE INC
131,947263,TD,TORONTO DOMINION BANK
132,1610520,UBS,UBS Group AG
133,1404912,KKR,KKR & Co. Inc.
134,863064,RIO,RIO TINTO PLC
135,1022837,SMFG,"SUMITOMO MITSUI FINANCIAL GROUP, INC."
136,764180,MO,"ALTRIA GROUP, INC."
137,1090727,UPS,UNITED PARCEL SERVICE INC
138,891478,SAN,"Banco Santander, S.A."
139,92122,SO,SOUTHERN CO
140,1571949,ICE,"Intercontinental Exchange, Inc."
141,707549,LRCX,LAM RESEARCH CORP
142,1053507,AMT,AMERICAN TOWER CORP /MA/
143,1156039,ELV,"Elevance Health, Inc."
144,766704,WELL,WELLTOWER INC.
145,1156375,CME,CME GROUP INC.
146,895728,ENB,ENBRIDGE INC
147,1751008,APP,AppLovin Corp
148,1326160,DUK,Duke Energy CORP
149,1303523,BTI,British American Tobacco p.l.c.
150,319201,KLAC,KLA CORP
151,823768,WM,WASTE MANAGEMENT INC
152,929869,RELX,RELX PLC
153,89800,SHW,SHERWIN WILLIAMS CO
154,1739940,CI,Cigna Group
155,315293,AON,Aon plc
156,313807,BP,BP PLC
157,1103982,MDLZ,"Mondelez International, Inc."
158,1535527,CRWD,"CrowdStrike Holdings, Inc."
159,1996810,GEV,GE Vernova Inc.
160,64803,CVS,CVS HEALTH Corp
161,354190,AJG,Arthur J. Gallagher & Co.
162,927653,MCK,MCKESSON CORP
163,1101239,EQIX,EQUINIX INC
164,1001085,BN,BROOKFIELD Corp /ON/
165,1131399,GSK,GSK plc
166,842180,BBVA,"BANCO BILBAO VIZCAYA ARGENTARIA, S.A."
167,66740,MMM,3M CO
168,1059556,MCO,MOODYS CORP /DE/
169,1648416,RACE,Ferrari N.V.
170,1119639,PBR,PETROBRAS - PETROLEO BRASILEIRO SA
171,860730,HCA,"HCA Healthcare, Inc."
172,723254,CTAS,CINTAS CORP
173,76334,PH,Parker-Hannifin Corp
174,1075124,TRI,THOMSON REUTERS CORP /CAN/
175,1067491,INFY,Infosys Ltd
176,1466258,TT,Trane Technologies plc
177,1792789,DASH,"DoorDash, Inc."
178,820313,APH,AMPHENOL CORP /DE/
179,872589,REGN,"REGENERON PHARMACEUTICALS, INC."
180,1260221,TDG,TransDigm Group INC
181,1559720,ABNB,"Airbnb, Inc."
182,1858681,APO,"Apollo Global Management, Inc."
183,1937926,BAM,Brookfield Asset Management Ltd.
184,49826,ITW,ILLINOIS TOOL WORKS INC
185,898173,ORLY,O REILLY AUTOMOTIVE INC
186,21665,CL,COLGATE PALMOLIVE CO
187,1001838,SCCO,SOUTHERN COPPER CORP/
188,1262039,FTNT,"Fortinet, Inc."
189,1703399,SE,Sea Ltd
190,1555280,ZTS,Zoetis Inc.
191,1061219,EPD,ENTERPRISE PRODUCTS PARTNERS L.P.
192,1060391,RSG,"REPUBLIC SERVICES, INC."
193,1222333,GLD,SPDR GOLD TRUST
194,31462,ECL,ECOLAB INC.
195,1133421,NOC,NORTHROP GRUMMAN CORP /DE/
196,40533,GD,GENERAL DYNAMICS CORP
197,1335730,MFG,MIZUHO FINANCIAL GROUP INC
198,1050446,MSTR,MICROSTRATEGY Inc
199,927971,BMO,BANK OF MONTREAL /CAN/
200,68505,MSI,"Motorola Solutions, Inc."
201,1381197,IBKR,"Interactive Brokers Group, Inc."
202,16875,CP,CANADIAN PACIFIC KANSAS CITY LTD/CN
203,107263,WMB,"WILLIAMS COMPANIES, INC."
204,713676,PNC,"PNC FINANCIAL SERVICES GROUP, INC."
205,1110646,NTES,"NetEase, Inc."
206,821189,EOG,EOG RESOURCES INC
207,1633917,PYPL,"PayPal Holdings, Inc."
208,883241,SNPS,SYNOPSYS INC
209,813672,CDNS,CADENCE DESIGN SYSTEMS INC
210,1058090,CMG,CHIPOTLE MEXICAN GRILL INC
211,1443276,TOELY,Tokyo Electron LTD
212,1048286,MAR,MARRIOTT INTERNATIONAL INC /MD/
213,1868275,CEG,Constellation Energy Corp
214,2969,APD,"Air Products & Chemicals, Inc."
215,1571996,DELL,Dell Technologies Inc.
216,849395,CRH,CRH PUBLIC LTD CO
217,1140625,EQNR,EQUINOR ASA
218,10795,BDX,BECTON DICKINSON & CO
219,36104,USB,US BANCORP \DE\
220,1549802,JD,"JD.com, Inc."
221,927628,COF,CAPITAL ONE FINANCIAL CORP
222,1327811,WDAY,"Workday, Inc."
223,895564,BAESY,BAE SYSTEMS PLC /FI/
224,1276187,ET,Energy Transfer LP
225,1067318,MBGYY,DAIMLER AG
226,32604,EMR,EMERSON ELECTRIC CO
227,1004315,NGG,NATIONAL GRID PLC
228,882835,ROP,ROPER TECHNOLOGIES INC
229,1039765,ING,ING GROEP NV
230,835403,DEO,DIAGEO PLC
231,16868,CNI,CANADIAN NATIONAL RAILWAY CO
232,1017413,CNQ,CANADIAN NATURAL RESOURCES LTD
233,1835632,MRVL,"Marvell Technology, Inc."
234,866787,AZO,AUTOZONE INC
235,1442651,SHECY,"Shin-Etsu Chemical Co., Ltd."
236,9631,BNS,BANK OF NOVA SCOTIA
237,1506307,KMI,"KINDER MORGAN, INC."
238,1048911,FDX,FEDEX CORP
239,1039684,OKE,ONEOK INC /NEW/
240,86312,TRV,"TRAVELERS COMPANIES, INC."
241,4977,AFL,AFLAC INC
242,1390777,BK,Bank of New York Mellon Corp
243,1783180,CARR,CARRIER GLOBAL Corp
244,884887,RCL,ROYAL CARIBBEAN CRUISES LTD
245,1446250,BMWKY,Bayerische Motoren Werke AG/ADR
246,4904,AEP,AMERICAN ELECTRIC POWER CO INC
247,277948,CSX,CSX CORP
248,1650372,TEAM,Atlassian Corp
249,1278680,IAU,ISHARES GOLD TRUST
250,1160106,LYG,Lloyds Banking Group plc
251,312069,BCS,BARCLAYS PLC
252,831259,FCX,FREEPORT-MCMORAN INC
253,87347,SLB,SCHLUMBERGER LIMITED/NV
254,1547873,PTCAY,PT Chandra Asri Petrochemical Tbk/ADR
255,1552000,MPLX,MPLX LP
256,1585689,HLT,Hilton Worldwide Holdings Inc.
257,899051,ALL,ALLSTATE CORP
258,1099219,MET,METLIFE INC
259,865752,MNST,Monster Beverage Corp
260,1535628,CAIXY,CaixaBank/ADR
261,769397,ADSK,"Autodesk, Inc."
262,1132597,ITUB,Itau Unibanco Holding S.A.
263,1691493,NU,Nu Holdings Ltd.
264,75362,PCAR,PACCAR INC
265,1045520,CM,CANADIAN IMPERIAL BANK OF COMMERCE /CAN/
266,723531,PAYX,PAYCHEX INC
267,1393311,PSA,Public Storage
268,92230,TFC,TRUIST FINANCIAL CORP
269,702165,NSC,NORFOLK SOUTHERN CORP
270,2809,AEM,AGNICO EAGLE MINES LTD
271,1164727,NEM,NEWMONT Corp /DE/
272,1413447,NXPI,NXP Semiconductors N.V.
273,833444,JCI,Johnson Controls International plc
274,900075,CPRT,COPART INC
275,1297996,DLR,"DIGITAL REALTY TRUST, INC."
276,726728,O,REALTY INCOME CORP
277,1534701,PSX,Phillips 66
278,4281,HWM,Howmet Aerospace Inc.
279,1640147,SNOW,Snowflake Inc.
280,1140859,COR,"Cencora, Inc."
281,1091667,CHTR,"CHARTER COMMUNICATIONS, INC. /MO/"
282,1086888,MFC,MANULIFE FINANCIAL CORP
283,1524684,GLNCY,Glencore plc/ADR
284,5272,AIG,"AMERICAN INTERNATIONAL GROUP, INC."
285,1232384,TRP,TC ENERGY CORP
286,1395064,TAK,TAKEDA PHARMACEUTICAL CO LTD
287,27419,TGT,TARGET CORP
288,820027,AMP,AMERIPRISE FINANCIAL INC
289,844150,NWG,NatWest Group plc
290,1318220,WCN,"Waste Connections, Inc."
291,1467858,GM,General Motors Co
292,3570,LNG,"Cheniere Energy, Inc."
293,55785,KMB,KIMBERLY CLARK CORP
294,1900304,HLN,Haleon plc
295,277135,GWW,"W.W. GRAINGER, INC."
296,715957,D,"DOMINION ENERGY, INC"
297,1679788,COIN,"Coinbase Global, Inc."
298,1002242,E,ENI SPA
299,1159508,DB,DEUTSCHE BANK AKTIENGESELLSCHAFT
300,1418135,KDP,Keurig Dr Pepper Inc.
301,1944048,KVUE,Kenvue Inc.
302,4447,HES,HESS CORP
303,1176948,ARES,Ares Management Corp
304,1588489,GBTC,Grayscale Bitcoin Trust ETF
305,1032208,SRE,SEMPRA
306,311337,SU,SUNCOR ENERGY INC
307,1129137,AMX,AMERICA MOVIL SAB DE CV/
308,56873,KR,KROGER CO
309,1109357,EXC,EXELON CORP
310,26172,CMI,CUMMINS INC
311,1167379,ALC,ALCON INC
312,814547,FICO,FAIR ISAAC CORP
313,715153,HMC,HONDA MOTOR CO LTD
314,1041061,YUM,YUM BRANDS INC
315,815556,FAST,FASTENAL CO
316,1510295,MPC,Marathon Petroleum Corp
317,797468,OXY,OCCIDENTAL PETROLEUM CORP /DE/
318,1385157,TEL,TE Connectivity plc
319,1408198,MSCI,MSCI Inc.
320,1539838,FANG,"Diamondback Energy, Inc."
321,1120193,NDAQ,"NASDAQ, INC."
322,1701605,BKR,Baker Hughes Co
323,1635327,FLUT,Flutter Entertainment plc
324,1051470,CCI,CROWN CASTLE INC.
325,1069183,AXON,"AXON ENTERPRISE, INC."
326,745732,ROST,"ROSS STORES, INC."
327,1442145,VRSK,"Verisk Analytics, Inc."
328,1121788,GRMN,GARMIN LTD
329,917851,VALE,Vale S.A.
330,882184,DHI,HORTON D R INC /DE/
331,1037868,AME,AMETEK INC/
332,1393612,DFS,Discover Financial Services
333,1834584,CPNG,"Coupang, Inc."
334,1755672,CTVA,"Corteva, Inc."
335,1099800,EW,Edwards Lifesciences Corp
336,1692819,VST,Vistra Corp.
337,1389170,TRGP,Targa Resources Corp.
338,1477333,NET,"Cloudflare, Inc."
339,202058,LHX,"L3HARRIS TECHNOLOGIES, INC. /DE/"
340,1781335,OTIS,Otis Worldwide Corp
341,1269238,TCOM,Trip.com Group Ltd
342,788784,PEG,PUBLIC SERVICE ENTERPRISE GROUP INC
343,1035002,VLO,VALERO ENERGY CORP/TX
344,72903,XEL,XCEL ENERGY INC
345,24741,GLW,CORNING INC /NY
346,1058290,CTSH,COGNIZANT TECHNOLOGY SOLUTIONS CORP
347,1158838,ATEYY,ADVANTEST CORP
348,1067701,URI,"UNITED RENTALS, INC."
349,1359519,SVNDY,SEVEN & I HOLDINGS CO LTD
350,1650107,CCEP,COCA-COLA EUROPACIFIC PARTNERS plc
351,37996,F,FORD MOTOR CO
352,1397187,LULU,lululemon athletica inc.
353,1446598,DNZOY,Denso Corp
354,1932393,GEHC,GE HealthCare Technologies Inc.
355,1136893,FIS,"Fidelity National Information Services, Inc."
356,1137774,PRU,PRUDENTIAL FINANCIAL INC
357,1393052,VEEV,VEEVA SYSTEMS INC
358,1050915,PWR,"QUANTA SERVICES, INC."
359,1315098,RBLX,Roblox Corp
360,1047862,ED,CONSOLIDATED EDISON INC
361,1138118,CBRE,"CBRE GROUP, INC."
362,1637459,KHC,Kraft Heinz Co
363,712515,EA,ELECTRONIC ARTS INC.
364,946581,TTWO,TAKE TWO INTERACTIVE SOFTWARE INC
365,1004980,PCG,PG&E Corp
366,861967,WTKWY,WOLTERS KLUWER N V /FI
367,96021,SYY,SYSCO CORP
368,65984,ETR,ENTERGY CORP /DE/
369,1697862,ARGX,ARGENX SE
370,1565025,ABEV,AMBEV S.A.
371,749251,IT,GARTNER INC
372,47111,HSY,HERSHEY CO
373,1700171,ANYYY,Aena S.A./ADR
374,1545460,OLCLY,"Oriental Land Co., Ltd./ADR"
375,878927,ODFL,"OLD DOMINION FREIGHT LINE, INC."
376,1605484,STLA,Stellantis N.V.
377,1561550,DDOG,"Datadog, Inc."
378,49938,IMO,IMPERIAL OIL LTD
379,947484,ACGL,ARCH CAPITAL GROUP LTD.
380,79282,BRO,"BROWN & BROWN, INC."
381,1512673,XYZ,"Block, Inc."
382,1090872,A,"AGILENT TECHNOLOGIES, INC."
383,1705696,VICI,VICI PROPERTIES INC.
384,874766,HIG,"HARTFORD INSURANCE GROUP, INC."
385,1041130,DIA,SPDR DOW JONES INDUSTRIAL AVERAGE ETF TRUST
386,1329099,BIDU,"Baidu, Inc."
387,1446519,DKILY,Daikin Industries Ltd
388,783325,WEC,"WEC ENERGY GROUP, INC."
389,874716,IDXX,IDEXX LABORATORIES INC /DE
390,1323404,WPM,Wheaton Precious Metals Corp.
391,1471055,BSBR,Banco Santander (Brasil) S.A.
392,40704,GIS,GENERAL MILLS INC
393,850918,GWLIF,GREAT-WEST LIFECO INC.
394,16918,STZ,"CONSTELLATION BRANDS, INC."
395,756894,GOLD,BARRICK GOLD CORP
396,1699150,IR,Ingersoll Rand Inc.
397,1783879,HOOD,"Robinhood Markets, Inc."
398,943819,RMD,RESMED INC
399,1478242,IQV,IQVIA HOLDINGS INC.
400,1289490,EXR,Extra Space Storage Inc.
401,1123799,WIT,WIPRO LTD
402,1057352,CSGP,"COSTAR GROUP, INC."
403,1140536,WTW,WILLIS TOWERS WATSON PLC
404,1674101,VRT,Vertiv Holdings Co
405,1445465,PPRUY,Kering
406,1450468,MRAAY,"Murata Manufacturing Co., Ltd./ADR"
407,1178670,ALNY,"ALNYLAM PHARMACEUTICALS, INC."
408,1666700,DD,"DuPont de Nemours, Inc."
409,1404655,HUBS,HUBSPOT INC
410,2011641,FERG,Ferguson Enterprises Inc. /DE/
411,1468522,FER,Ferrovial SE
412,1097362,SLF,SUN LIFE FINANCIAL INC
413,1300514,LVS,LAS VEGAS SANDS CORP
414,920760,LEN,LENNAR CORP /NEW/
415,1383650,CQP,"Cheniere Energy Partners, L.P."
416,721371,CAH,CARDINAL HEALTH INC
417,1132924,CHT,CHUNGHWA TELECOM CO LTD
418,46619,HEI,HEICO CORP
419,49071,HUM,HUMANA INC
420,1065088,EBAY,EBAY INC
421,943452,WAB,WESTINGHOUSE AIR BRAKE TECHNOLOGIES CORP
422,73309,NUE,NUCOR CORP
423,1618756,QSR,Restaurant Brands International Inc.
424,915191,FRFHF,FAIRFAX FINANCIAL HOLDINGS LTD/ CAN
425,1396009,VMC,Vulcan Materials CO
426,915912,AVB,AVALONBAY COMMUNITIES INC
427,1791706,LI,Li Auto Inc.
428,1713683,ZS,"Zscaler, Inc."
429,1524472,XYL,Xylem Inc.
430,33185,EFX,EQUIFAX INC
431,1758730,TW,Tradeweb Markets Inc.
432,936958,MDY,SPDR S&P MIDCAP 400 ETF TRUST
433,33213,EQT,EQT Corp
434,1811074,TPL,Texas Pacific Land Corp
435,1024478,ROK,"ROCKWELL AUTOMATION, INC"
436,740260,VTR,"Ventas, Inc."
437,1456346,FNV,FRANCO NEVADA Corp
438,720005,RJF,RAYMOND JAMES FINANCIAL INC
439,1805284,RKT,"Rocket Companies, Inc."
440,27904,DAL,"DELTA AIR LINES, INC."
441,1071739,CNC,CENTENE CORP
442,924613,NOK,NOKIA CORP
443,55067,K,KELLANOVA
444,916076,MLM,MARTIN MARIETTA MATERIALS INC
445,1823945,OWL,BLUE OWL CAPITAL INC.
446,36270,MTB,M&T BANK CORP
447,1651308,ONC,"BeiGene, Ltd."
448,827054,MCHP,MICROCHIP TECHNOLOGY INC
449,1013462,ANSS,ANSYS INC
450,1131345,NVZMY,NOVOZYMES AS/FI
451,1280452,MPWR,MONOLITHIC POWER SYSTEMS INC
452,1410636,AWK,"American Water Works Company, Inc."
453,916365,TSCO,TRACTOR SUPPLY CO /DE/
454,1809587,BEKE,KE Holdings Inc.
455,936340,DTE,DTE ENERGY CO
456,1461748,PPERY,PT Bank Mandiri (Persero) Tbk / ADR
457,1671933,TTD,"Trade Desk, Inc."
458,313927,CHD,CHURCH & DWIGHT CO INC /DE/
459,1093557,DXCM,DEXCOM INC
460,844551,WDS,WOODSIDE ENERGY GROUP LTD
461,906107,EQR,EQUITY RESIDENTIAL
462,1446596,FANUY,Fanuc Ltd
463,717826,ERIC,ERICSSON LM TELEPHONE CO
464,1335258,LYV,"Live Nation Entertainment, Inc."
465,51434,IP,INTERNATIONAL PAPER CO /NEW/
466,814052,TEF,TELEFONICA S A
467,1002910,AEE,AMEREN CORP
468,1383312,BR,"BROADRIDGE FINANCIAL SOLUTIONS, INC."
469,47217,HPQ,HP INC
470,1446705,NTDTY,NTT Data Corp
471,1601046,KEYS,"Keysight Technologies, Inc."
472,815097,CCL,CARNIVAL CORP
473,1764757,DIDIY,DiDi Global Inc.
474,1436778,SAXPY,Sampo OYJ
475,1751788,DOW,DOW INC.
476,1446437,YAHOY,Yahoo! Japan Corp
477,79879,PPG,PPG INDUSTRIES INC
478,1037646,MTD,METTLER TOLEDO INTERNATIONAL INC/
479,922224,PPL,PPL Corp
480,1671750,DSCSY,Disco Corporation/ADR
481,1116578,PUK,PRUDENTIAL PLC
482,1020569,IRM,IRON MOUNTAIN INC
483,1038683,RYAAY,RYANAIR HOLDINGS PLC
484,1437107,WBD,"Warner Bros. Discovery, Inc."
485,1050952,PUBGY,PUBLICIS GROUPE SA
486,1659166,FTV,Fortive Corp
487,1609711,GDDY,GoDaddy Inc.
488,1725964,NTR,Nutrien Ltd.
489,84839,ROL,ROLLINS INC
490,93751,STT,STATE STREET CORP
491,1243429,MT,ArcelorMittal
492,29905,DOV,DOVER Corp
493,313216,PHG,KONINKLIJKE PHILIPS NV
494,800365,FUJIY,FUJI PHOTO FILM CO LTD /FI
495,1810997,XPEV,XPENG INC.
496,860731,TYL,TYLER TECHNOLOGIES INC
497,1776985,BNTX,BioNTech SE
498,1070304,IX,ORIX CORP
499,1015922,CHKP,CHECK POINT SOFTWARE TECHNOLOGIES LTD
500,839923,VOD,VODAFONE GROUP PUBLIC LTD CO
501,1475260,CVE,CENOVUS ENERGY INC.
502,2007855,VG,"Venture Global, Inc."
503,1375365,SMCI,"Super Micro Computer, Inc."
504,1967680,VLTO,Veralto Corp
505,895126,EXE,EXPAND ENERGY Corp
506,1093028,EJPRY,EAST JAPAN RAILWAY CO /FI
507,1001250,EL,ESTEE LAUDER COMPANIES INC
508,1489393,LYB,LyondellBasell Industries N.V.
509,11544,WRB,BERKLEY W R CORP
510,1096343,MKL,MARKEL GROUP INC.
511,731802,ATO,ATMOS ENERGY CORP
512,798941,FCNCA,FIRST CITIZENS BANCSHARES INC /DE/
513,1175454,CPAY,"CORPAY, INC."
514,1397911,LPLA,LPL Financial Holdings Inc.
515,1034054,SBAC,SBA COMMUNICATIONS CORP
516,1123360,GPN,GLOBAL PAYMENTS INC
517,100517,UAL,"United Airlines Holdings, Inc."
518,868675,TU,TELUS CORP
519,2005951,SW,Smurfit Westrock plc
520,1061574,GIB,CGI INC
521,1374310,CBOE,"Cboe Global Markets, Inc."
522,1130310,CNP,CENTERPOINT ENERGY INC
523,7084,ADM,Archer-Daniels-Midland Co
524,1031296,FE,FIRSTENERGY CORP
525,1094285,TDY,TELEDYNE TECHNOLOGIES INC
526,718940,BCE,BCE INC
527,1754301,FOXA,Fox Corp
528,1546066,PBA,PEMBINA PIPELINE CORP
529,1666175,FTS,Fortis Inc.
530,20286,CINF,CINCINNATI FINANCIAL CORP
531,1125259,CUK,CARNIVAL PLC
532,1014473,VRSN,VERISIGN INC/CA
533,1713445,RDDT,"Reddit, Inc."
534,1585521,ZM,"Zoom Communications, Inc."
535,72741,ES,EVERSOURCE ENERGY
536,922621,ERIE,ERIE INDEMNITY CO
537,1757898,STE,STERIS plc
538,1090012,DVN,DEVON ENERGY CORP/DE
539,1402057,CDW,CDW Corp
540,1000697,WAT,WATERS CORP /DE/
541,63754,MKC,MCCORMICK & CO INC
542,932787,STM,STMicroelectronics N.V.
543,827052,EIX,EDISON INTERNATIONAL
544,811156,CMS,CMS ENERGY CORP
545,100493,TSN,"TYSON FOODS, INC."
546,1506293,PINS,"PINTEREST, INC."
547,940944,DRI,DARDEN RESTAURANTS INC
548,1136869,ZBH,"ZIMMER BIOMET HOLDINGS, INC."
549,45012,HAL,HALLIBURTON CO
550,106535,WY,WEYERHAEUSER CO
551,1642896,IOT,Samsara Inc.
552,1122411,ASX,"ASE Technology Holding Co., Ltd."
553,1158967,NJDCY,NIDEC CORP
554,1744676,TME,Tencent Music Entertainment Group
555,906163,NVR,NVR INC
556,822416,PHM,PULTEGROUP INC/MI/
557,1113169,TROW,PRICE T ROWE GROUP INC
558,875045,BIIB,BIOGEN INC.
559,1324424,EXPE,"Expedia Group, Inc."
560,1334687,CJPRY,CENTRAL JAPAN RAILWAY CO
561,858470,CTRA,Coterra Energy Inc.
562,719955,WSM,WILLIAMS SONOMA INC
563,51253,IFF,INTERNATIONAL FLAVORS & FRAGRANCES INC
564,1160330,BBD,BANK BRADESCO
565,886986,TECK,TECK RESOURCES LTD
566,1601712,SYF,Synchrony Financial
567,1709048,GFS,GLOBALFOUNDRIES Inc.
568,1687229,INVH,Invitation Homes Inc.
569,1445930,KB,KB Financial Group Inc.
570,1444406,EC,ECOPETROL S.A.
571,1069202,LII,LENNOX INTERNATIONAL INC
572,920522,ESS,"ESSEX PROPERTY TRUST, INC."
573,105016,WSO,WATSCO INC
574,1190723,TS,TENARIS SA
575,1402436,SSNC,SS&C Technologies Holdings Inc
576,920148,LH,LABCORP HOLDINGS INC.
577,1690820,CVNA,CARVANA CO.
578,1645590,HPE,Hewlett Packard Enterprise Co
579,1985487,KSPI,Joint Stock Co Kaspi.kz
580,912595,MAA,MID AMERICA APARTMENT COMMUNITIES INC.
581,1477049,PHYS,Sprott Physical Gold Trust
582,1604821,NTRA,"Natera, Inc."
583,1281761,RF,REGIONS FINANCIAL CORP
584,818686,TEVA,TEVA PHARMACEUTICAL INDUSTRIES LTD
585,1802768,RPRX,Royalty Pharma plc
586,1069347,SGSOY,SGS SOCIETE GENERALE DE SURVEILLANCE HOLDING SA /FI
587,1126113,TELNY,TELENOR ASA
588,73124,NTRS,NORTHERN TRUST CORP
589,1022079,DGX,QUEST DIAGNOSTICS INC
590,1650164,TOST,"Toast, Inc."
591,1660134,OKTA,"Okta, Inc."
592,1172724,GFI,GOLD FIELDS LTD
593,1022671,STLD,STEEL DYNAMICS INC
594,1002047,NTAP,"NetApp, Inc."
595,92380,LUV,SOUTHWEST AIRLINES CO
596,857005,PTC,PTC INC.
597,1673358,YUMC,"Yum China Holdings, Inc."
598,910631,KOF,COCA COLA FEMSA SAB DE CV
599,1378789,AER,AerCap Holdings N.V.
600,1511737,UI,Ubiquiti Inc.
601,1163653,NMR,NOMURA HOLDINGS INC
602,1883685,DKNG,DraftKings Inc.
603,1009001,CCJ,CAMECO CORP
604,1780232,GFL,GFL Environmental Inc.
605,1126328,PFG,PRINCIPAL FINANCIAL GROUP INC
606,1137789,STX,Seagate Technology Holdings plc
607,1111711,NI,NISOURCE INC.
608,21076,CLX,CLOROX CO /DE/
609,1013871,NRG,"NRG ENERGY, INC."
610,48898,HUBB,HUBBELL INC
611,1849253,RYAN,"RYAN SPECIALTY HOLDINGS, INC."
612,35527,FITBI,FIFTH THIRD BANCORP
613,1618732,NTNX,"Nutanix, Inc."
614,60086,L,LOEWS CORP
615,1097864,ON,ON SEMICONDUCTOR CORP
616,10456,BAX,BAXTER INTERNATIONAL INC
617,910521,DECK,DECKERS OUTDOOR CORP
618,1046102,RBA,RB GLOBAL INC.
619,1336920,LDOS,"Leidos Holdings, Inc."
620,858446,IHG,INTERCONTINENTAL HOTELS GROUP PLC /NEW/
621,1855612,GRAB,Grab Holdings Ltd
622,1745201,VIK,Viking Holdings Ltd
623,759944,CFG,CITIZENS FINANCIAL GROUP INC/RI
624,1331875,FNF,"Fidelity National Financial, Inc."
625,1880661,TPG,TPG Inc.
626,75677,PKG,PACKAGING CORP OF AMERICA
627,1179929,MOH,"MOLINA HEALTHCARE, INC."
628,1145197,PODD,INSULET CORP
629,29534,DG,DOLLAR GENERAL CORP
630,1889539,CRBG,"Corebridge Financial, Inc."
631,91440,SNA,Snap-on Inc
632,105634,EME,"EMCOR Group, Inc."
633,1319161,WMG,Warner Music Group Corp.
634,91576,KEY,KEYCORP /NEW/
635,1035443,ARE,"ALEXANDRIA REAL ESTATE EQUITIES, INC."
636,1033767,UMC,UNITED MICROELECTRONICS CORP
637,912593,SUI,SUN COMMUNITIES INC
638,40987,GPC,GENUINE PARTS CO
639,1617640,ZG,"ZILLOW GROUP, INC."
640,1973832,AU,AngloGold Ashanti PLC
641,849399,GEN,Gen Digital Inc.
642,864749,TRMB,TRIMBLE INC.
643,105770,WST,WEST PHARMACEUTICAL SERVICES INC
644,14693,BF-A,BROWN FORMAN CORP
645,889132,PKX,POSCO HOLDINGS INC.
646,1013237,FDS,FACTSET RESEARCH SYSTEMS INC
647,746515,EXPD,EXPEDITORS INTERNATIONAL OF WASHINGTON INC
648,48465,HRL,HORMEL FOODS CORP /DE/
649,1027664,ESLT,ELBIT SYSTEMS LTD
650,1001474,KKPNY,KONINKLIJKE KPN N V
651,74208,UDR,"UDR, Inc."
652,352541,LNT,ALLIANT ENERGY CORP
653,1598110,CYBR,CyberArk Software Ltd.
654,882602,OMVKY,OMV AKTIENGESELLSCHAFT /FI
655,1677250,ZTO,ZTO Express (Cayman) Inc.
656,1564708,NWSA,NEWS CORP
657,1552033,TRU,TransUnion
658,1263043,SHG,SHINHAN FINANCIAL GROUP CO LTD
659,1474432,PSTG,"Pure Storage, Inc."
660,29989,OMC,OMNICOM GROUP INC.
661,1567094,CNH,CNH Industrial N.V.
662,1449566,WLMIY,Wilmar International Ltd
663,711404,COO,"COOPER COMPANIES, INC."
664,1439124,EBR,BRAZILIAN ELECTRIC POWER CO
665,1333986,EQH,"Equitable Holdings, Inc."
666,1711269,EVRG,"Evergy, Inc."
667,904851,YPF,YPF SOCIEDAD ANONIMA
668,1423902,WES,"Western Midstream Partners, LP"
669,1089063,DKS,"DICK'S SPORTING GOODS, INC."
670,1261333,DOCU,"DOCUSIGN, INC."
671,733099,RCI,ROGERS COMMUNICATIONS INC
672,764478,BBY,BEST BUY CO INC
673,1820953,AFRM,"Affirm Holdings, Inc."
674,1095073,EG,"EVEREST GROUP, LTD."
675,728535,JBHT,HUNT J B TRANSPORT SERVICES INC
676,1754581,FUTU,Futu Holdings Ltd
677,1858985,ONON,On Holding AG
678,1048695,FFIV,"F5, INC."
679,1441816,MDB,"MongoDB, Inc."
680,1286681,DPZ,DOMINOS PIZZA INC
681,110621,RPM,RPM INTERNATIONAL INC/DE/
682,1001807,TLK,PERUSAHAAN PERSEROAN PERSERO PT TELEKOMUNIKASI INDONESIA TBK
683,1988894,AS,"Amer Sports, Inc."
684,1528396,GWRE,"Guidewire Software, Inc."
685,1001290,BAP,CREDICORP LTD
686,62996,MAS,MASCO CORP /DE/
687,861884,RS,"RELIANCE, INC."
688,1665918,USFD,US Foods Holding Corp.
689,52988,J,JACOBS SOLUTIONS INC.
690,1287750,ARCC,ARES CAPITAL CORP
691,1562401,AMH,American Homes 4 Rent
692,106040,WDC,WESTERN DIGITAL CORP
693,790051,CSL,CARLISLE COMPANIES INC
694,1060955,ICLR,ICON PLC
695,1579298,BURL,"Burlington Stores, Inc."
696,1447669,TWLO,TWILIO INC
697,1527166,CG,Carlyle Group Inc.
698,1403568,ULTA,"Ulta Beauty, Inc."
699,9389,BALL,BALL Corp
700,1564408,SNAP,Snap Inc
701,898293,JBL,JABIL INC
702,1521332,APTV,Aptiv PLC
703,1868159,LINE,"Lineage, Inc."
704,1116132,TPR,"TAPESTRY, INC."
705,1531152,BJ,"BJ's Wholesale Club Holdings, Inc."
706,1101302,ENTG,ENTEGRIS INC
707,1599298,SMMT,Summit Therapeutics Inc.
708,1274494,FSLR,"FIRST SOLAR, INC."
709,1533232,BEP,Brookfield Renewable Partners L.P.
710,1690981,NNGRY,NN Group NV/ADR
711,1039610,EDPFY,EDP ENERGIAS DE PORTUGAL SA
712,1773383,DT,"Dynatrace, Inc."
713,726958,CASY,CASEYS GENERAL STORES INC
714,1475011,JBAXY,Julius Baer Group Ltd.
715,1443646,BAH,Booz Allen Hamilton Holding Corp
716,765880,DOC,"HEALTHPEAK PROPERTIES, INC."
717,1316835,BLDR,"Builders FirstSource, Inc."
718,42888,GGG,GRACO INC
719,877212,ZBRA,ZEBRA TECHNOLOGIES CORP
720,701818,KGC,KINROSS GOLD CORP
721,1748790,AMCR,Amcor plc
722,1567514,ITCI,"Intra-Cellular Therapies, Inc."
723,935703,DLTR,"DOLLAR TREE, INC."
724,77360,PNR,PENTAIR plc
725,8818,AVY,Avery Dennison Corp
726,1066119,VIV,TELEFONICA BRASIL S.A.
727,97210,TER,"TERADYNE, INC"
728,1161125,BCH,BANK OF CHILE
729,1082554,UTHR,UNITED THERAPEUTICS Corp
730,859737,HOLX,HOLOGIC INC
731,879101,KIM,KIMCO REALTY CORP
732,1070423,PAA,PLAINS ALL AMERICAN PIPELINE LP
733,5513,UNM,Unum Group
734,1104506,INSM,INSMED Inc
735,1575965,GLPI,"Gaming & Leisure Properties, Inc."
736,1333141,FMS,Fresenius Medical Care AG
737,832101,IEX,IDEX CORP /DE/
738,353991,NDEKY,NITTO DENKO CORP / ADR/
739,1048477,BMRN,BIOMARIN PHARMACEUTICAL INC
740,1262823,WLK,WESTLAKE CORP
741,1025378,WPC,W. P. Carey Inc.
742,1682852,MRNA,"Moderna, Inc."
743,1037038,RL,RALPH LAUREN CORP
744,1110803,ILMN,"ILLUMINA, INC."
745,1159152,JHX,James Hardie Industries plc
746,1838413,YMM,Full Truck Alliance Co. Ltd.
747,1032975,LOGI,LOGITECH INTERNATIONAL S.A.
748,31791,RVTY,"REVVITY, INC."
749,1575515,SFM,"Sprouts Farmers Market, Inc."
750,895417,ELS,EQUITY LIFESTYLE PROPERTIES INC
751,879169,INCY,INCYTE CORP
752,1766502,CHWY,"Chewy, Inc."
753,217346,TXT,TEXTRON INC
754,866374,FLEX,FLEX LTD.
755,1294591,RKUNY,"Rakuten Group, Inc."
756,1505880,PNDRY,Pandora A/S / ADR
757,21175,CNA,CNA FINANCIAL CORP
758,1281721,SGIOY,SHIONOGI & CO LTD
759,1324404,CF,"CF Industries Holdings, Inc."
760,910606,REG,REGENCY CENTERS CORP
761,1450123,JBSAY,JBS S.A.
762,779152,JKHY,JACK HENRY & ASSOCIATES INC
763,1450346,POAHY,Porsche Automobil Holding SE / ADR
764,1406234,BIP,Brookfield Infrastructure Partners L.P.
765,1434265,GMAB,GENMAB A/S
766,1818874,SOFI,"SoFi Technologies, Inc."
767,1964738,SOLV,Solventum Corp
768,845982,SNN,SMITH & NEPHEW PLC
769,1446444,TKHVY,Turk Hava Yollari A.O.
770,906345,CPT,CAMDEN PROPERTY TRUST
771,1166003,XPO,"XPO, Inc."
772,868857,ACM,AECOM
773,1562088,DUOL,"Duolingo, Inc."
774,23217,CAG,CONAGRA BRANDS INC.
775,93556,SWK,"STANLEY BLACK & DECKER, INC."
776,898174,RGA,REINSURANCE GROUP OF AMERICA INC
777,1468608,VDMCY,Vodacom Group Ltd / ADR
778,1957132,SN,"SharkNinja, Inc."
779,1646972,ACI,"Albertsons Companies, Inc."
780,1043219,NLY,ANNALY CAPITAL MANAGEMENT INC
781,1072397,BZLFY,BUNZL PLC
782,945841,POOL,POOL CORP
783,1031308,BSY,BENTLEY SYSTEMS INC
784,1127248,EMRAF,EMERA INC
785,1289419,MORN,"Morningstar, Inc."
786,1845338,MNDY,monday.com Ltd.
787,1837240,SYM,Symbotic Inc.
788,1874178,RIVN,"Rivian Automotive, Inc. / DE"
789,802481,PPC,PILGRIMS PRIDE CORP
790,24545,TAP,MOLSON COORS BEVERAGE CO
791,1086222,AKAM,AKAMAI TECHNOLOGIES INC
792,91419,SJM,J M SMUCKER Co
793,1910139,MBLY,Mobileye Global Inc.
794,1370946,OC,Owens Corning
795,1043604,JNPR,JUNIPER NETWORKS INC
796,1517231,SSMXY,Sysmex Corporation/ADR
797,1069157,EWBC,EAST WEST BANCORP INC
798,26324,CW,CURTISS WRIGHT CORP
799,1097149,ALGN,ALIGN TECHNOLOGY INC
800,2042694,PRMB,Primo Brands Corp
801,1618673,PFGC,Performance Food Group Co
802,1035983,FIX,COMFORT SYSTEMS USA INC
803,1468174,H,Hyatt Hotels Corp
804,913144,RNR,RENAISSANCERE HOLDINGS LTD
805,909037,SQM,CHEMICAL & MINING CO OF CHILE INC
806,909327,SUZ,Suzano S.A.
807,1516513,DOCS,"Doximity, Inc."
808,1043277,CHRW,"C. H. ROBINSON WORLDWIDE, INC."
809,72331,NDSN,NORDSON CORP
810,317540,COKE,"Coca-Cola Consolidated, Inc."
811,1206264,SGI,SOMNIGROUP INTERNATIONAL INC.
812,1170858,SBS,COMPANHIA DE SANEAMENTO BASICO DO ESTADO DE SAO PAULO-SABESP
813,1973266,TKO,"TKO Group Holdings, Inc."
814,1611983,LBRDA,Liberty Broadband Corp
815,1062066,ALSMY,ALSTOM
816,16732,CPB,CAMPBELL'S Co
817,1090425,LAMR,LAMAR ADVERTISING CO/NEW
818,1037976,JLL,JONES LANG LASALLE INC
819,927066,DVA,DAVITA INC.
820,1483994,HTHT,H World Group Ltd
821,89089,SCI,SERVICE CORP INTERNATIONAL
822,1590955,PAYC,"Paycom Software, Inc."
823,70318,THC,TENET HEALTHCARE CORP
824,1600520,JPXGY,"Japan Exchange Group, Inc./ADR"
825,1037540,BXP,"BXP, Inc."
826,1433270,AR,ANTERO RESOURCES Corp
827,96223,JEF,Jefferies Financial Group Inc.
828,1681459,FTI,TechnipFMC plc
829,1289460,TXRH,"Texas Roadhouse, Inc."
830,1302215,HLI,"HOULIHAN LOKEY, INC."
831,938323,PSO,PEARSON PLC
832,764622,PNW,PINNACLE WEST CAPITAL CORP
833,4457,UHAL,U-Haul Holding Co /NV/
834,914475,NBIX,NEUROCRINE BIOSCIENCES INC
835,4127,SWKS,"SKYWORKS SOLUTIONS, INC."
836,1027552,BSAC,BANCO SANTANDER CHILE
837,1828108,AUR,"Aurora Innovation, Inc."
838,1722482,AVTR,"Avantor, Inc."
839,1579241,ALLE,Allegion plc
840,1792044,VTRS,Viatris Inc
841,930157,RTO,RENTOKIL INITIAL PLC /FI
842,78128,WTRG,"Essential Utilities, Inc."
843,1065696,LKQ,LKQ CORP
844,1114700,GGAL,GRUPO FINANCIERO GALICIA SA
845,1135951,RDY,DR REDDYS LABORATORIES LTD
846,1736297,ALAB,"Astera Labs, Inc."
847,888491,OHI,OMEGA HEALTHCARE INVESTORS INC
848,352915,UHS,UNIVERSAL HEALTH SERVICES INC
849,216228,ITT,ITT INC.
850,1170010,KMX,CARMAX INC
851,1177394,SNX,TD SYNNEX CORP
852,1567526,IHICY,IHI Corporation/ADR
853,1330568,SLV,iShares Silver Trust
854,59527,LECO,LINCOLN ELECTRIC HOLDINGS INC
855,1042046,AFG,AMERICAN FINANCIAL GROUP INC
856,108312,WWD,"Woodward, Inc."
857,1590364,FTAI,FTAI Aviation Ltd.
858,1178819,AGI,ALAMOS GOLD INC
859,915389,EMN,EASTMAN CHEMICAL CO
860,1070750,HST,"HOST HOTELS & RESORTS, INC."
861,1324948,RBC,RBC Bearings INC
862,1658566,PR,Permian Resources Corp
863,939767,EXEL,"EXELIXIS, INC."
864,1943896,RBRK,"Rubrik, Inc."
865,1267238,AIZ,"ASSURANT, INC."
866,1352010,EPAM,"EPAM Systems, Inc."
867,1438654,RDEIY,Red Electrica Corporacion SA/ADR
868,1219601,CCK,"CROWN HOLDINGS, INC."
869,320335,GL,GLOBE LIFE INC.
870,1591698,PCTY,Paylocity Holding Corp
871,1504122,PTBRY,PT Bank Negara Indonesia (Persero) Tbk/ADR
872,1495153,MMYT,MakeMyTrip Ltd
873,822818,CLH,CLEAN HARBORS INC
874,794170,TOL,"Toll Brothers, Inc."
875,1669162,KNSL,"Kinsale Capital Group, Inc."
876,1030894,CLS,CELESTICA INC
877,1071371,CIB,BANCOLOMBIA SA
878,769218,AEG,AEGON LTD.
879,1437774,BZZUY,BUZZI UNICEM S.p.A.
880,40729,ALLY,Ally Financial Inc.
881,85535,RGLD,ROYAL GOLD INC
882,1792580,OVV,Ovintiv Inc.
883,749098,MGA,MAGNA INTERNATIONAL INC
884,1321732,PEN,Penumbra Inc
885,1736541,NIO,NIO Inc.
886,1901440,ULS,UL Solutions Inc.
887,2030781,SAIL,"SailPoint, Inc."
888,1545772,BPYPP,Brookfield Property Partners L.P.
889,871464,HNGKY,HONGKONG LAND HOLDINGS LTD /FI
890,1056696,MANH,MANHATTAN ASSOCIATES INC
891,38777,BEN,FRANKLIN RESOURCES INC
892,1019849,PAG,"PENSKE AUTOMOTIVE GROUP, INC."
893,1579091,CART,Maplebear Inc.
894,1796209,APG,APi Group Corp
895,1428439,ROKU,"ROKU, INC"
896,1611052,PCOR,"PROCORE TECHNOLOGIES, INC."
897,1436786,OUKPY,Outotec OYJ
898,887225,KEP,KOREA ELECTRIC POWER CORP
899,1668397,MEDP,"Medpace Holdings, Inc."
900,1326380,GME,GameStop Corp.
901,51644,IPG,"INTERPUBLIC GROUP OF COMPANIES, INC."
902,1996862,BG,Bunge Global SA
903,1481045,DSEEY,Daiwa Securities Group Inc.
904,1783398,UWMC,UWM Holdings Corp
905,1062579,DOX,AMDOCS LTD
906,1618921,WBA,"Walgreens Boots Alliance, Inc."
907,36966,FHN,FIRST HORIZON CORP
908,2025410,SARO,"StandardAero, Inc."
909,1707753,ESTC,Elastic N.V.
910,820318,COHR,COHERENT CORP.
911,1047716,LTM,LATAM AIRLINES GROUP S.A.
912,720672,SF,STIFEL FINANCIAL CORP
913,1237831,GMED,GLOBUS MEDICAL INC
914,896622,ATR,"APTARGROUP, INC."
915,1380365,IDKOY,"IDEMITSU KOSAN CO., LTD"
916,1701732,ALTR,Altair Engineering Inc.
917,873303,SRPT,"Sarepta Therapeutics, Inc."
918,842023,TECH,BIO-TECHNE Corp
919,1177702,SAIA,SAIA INC
920,1842022,DTM,"DT Midstream, Inc."
921,785161,EHC,Encompass Health Corp
922,1649094,PCVX,"Vaxcyte, Inc."
923,91142,AOS,SMITH A O CORP
924,1298675,CUBE,CubeSmart
925,1766363,EDR,"Endeavor Group Holdings, Inc."
926,1355444,ERJ,EMBRAER S.A.
927,1576789,WIX,Wix.com Ltd.
928,1446656,KIKOY,Kikkoman Corp
929,771992,PAAS,PAN AMERICAN SILVER CORP
930,1789832,HESM,Hess Midstream LP
931,1447126,KAIKY,Kawasaki Kisen Kaisha Ltd
932,1475922,PRI,"Primerica, Inc."
933,49600,EGP,EASTGROUP PROPERTIES INC
934,1423689,AGNC,AGNC Investment Corp.
935,15615,MTZ,MASTEC INC
936,350894,SEIC,SEI INVESTMENTS CO
937,1131383,STN,STANTEC INC
938,1571283,REXR,"Rexford Industrial Realty, Inc."
939,1507079,FND,"Floor & Decor Holdings, Inc."
940,1612042,ASND,Ascendis Pharma A/S
941,1347557,PAC,Pacific Airport Group
942,1866581,BROS,Dutch Bros Inc.
943,1003935,NICE,NICE Ltd.
944,1584509,ARMK,Aramark
945,764038,SSB,SouthState Corp
946,1856525,CNM,"Core & Main, Inc."
947,74260,ORI,OLD REPUBLIC INTERNATIONAL CORP
948,1078642,CRRFY,CARREFOUR SA
949,1602065,VNOM,"Viper Energy, Inc."
950,1720635,NVT,nVent Electric plc
951,315852,RRC,RANGE RESOURCES CORP
952,1573516,MUSA,Murphy USA Inc.
953,20520,FYBR,"Frontier Communications Parent, Inc."
954,89439,MLI,MUELLER INDUSTRIES INC
955,1622536,TLN,Talen Energy Corp
956,937556,MASI,MASIMO CORP
957,1021635,OGE,OGE ENERGY CORP.
958,892450,KT,KT CORP
959,1657312,VRNA,Verona Pharma plc
960,1723690,BILI,Bilibili Inc.
961,936395,CIEN,CIENA CORP
962,1767582,LKNCY,Luckin Coffee Inc.
963,17843,CRS,CARPENTER TECHNOLOGY CORP
964,1174922,WYNN,WYNN RESORTS LTD
965,1486957,BWXT,"BWX Technologies, Inc."
966,806968,WPP,WPP plc
967,1835830,KVYO,"Klaviyo, Inc."
968,1639438,CAVA,"CAVA GROUP, INC."
969,1633931,BLD,TopBuild Corp
970,874761,AES,AES CORP
971,1944013,CR,Crane Co
972,1440130,UUGRY,United Utilities Group plc
973,19584,CHE,CHEMED CORP
974,1000228,HSIC,HENRY SCHEIN INC
975,1398659,G,Genpact LTD
976,789570,MGM,MGM Resorts International
977,1100682,CRL,"CHARLES RIVER LABORATORIES INTERNATIONAL, INC."
978,1529192,VIPS,Vipshop Holdings Ltd
979,750004,LNW,"Light & Wonder, Inc."
980,1699838,CFLT,"Confluent, Inc."
981,1772016,BRBR,"BELLRING BRANDS, INC."
982,1163302,X,UNITED STATES STEEL CORP
983,1327068,USO,"United States Oil Fund, LP"
984,1076378,CX,CEMEX SAB DE CV
985,1581285,BCUCY,Brunello Cucinelli S.p.A./ADR
986,915913,ALB,ALBEMARLE CORP
987,109563,AIT,APPLIED INDUSTRIAL TECHNOLOGIES INC
988,1015820,QGEN,QIAGEN N.V.
989,1837429,BNT,Brookfield Wealth Solutions Ltd.
990,1780312,ASTS,"AST SpaceMobile, Inc."
991,801337,WBS,WEBSTER FINANCIAL CORP
992,46080,HAS,"HASBRO, INC."
993,1675149,AA,Alcoa Corp
994,1046257,INGR,Ingredion Inc
995,1810806,U,Unity Software Inc.
996,1065837,SKX,SKECHERS USA INC
997,1050140,DSGX,DESCARTES SYSTEMS GROUP INC
998,1833756,DRS,"Leonardo DRS, Inc."
999,16058,CACI,CACI INTERNATIONAL INC /DE/
1000,813828,PARA,Paramount Global
1001,1212545,WAL,WESTERN ALLIANCE BANCORPORATION
1002,1725057,DAY,"Dayforce, Inc."
1003,1232524,JAZZ,Jazz Pharmaceuticals plc
1004,1977102,BIRK,Birkenstock Holding plc
1005,1015650,SKM,SK TELECOM CO LTD
1006,1541309,CSXXY,carsales.com Limited/ADR
1007,1428336,HQY,"HEALTHEQUITY, INC."
1008,34903,FRT,FEDERAL REALTY INVESTMENT TRUST
1009,1653482,GTLB,Gitlab Inc.
1010,1604028,WMS,"ADVANCED DRAINAGE SYSTEMS, INC."
1011,1513761,NCLH,Norwegian Cruise Line Holdings Ltd.
1012,1623925,AM,Antero Midstream Corp
1013,1264136,WF,WOORI FINANCIAL GROUP INC.
1014,917251,ADC,AGREE REALTY CORP
1015,29644,DCI,DONALDSON Co INC
1016,1124140,EXAS,EXACT SCIENCES CORP
1017,1144215,AYI,ACUITY BRANDS INC
1018,1408710,FN,Fabrinet
1019,1819994,RKLB,"Rocket Lab USA, Inc."
1020,1378992,BERY,"BERRY GLOBAL GROUP, INC."
1021,855658,LSCC,LATTICE SEMICONDUCTOR CORP
1022,730272,RGEN,REPLIGEN CORP
1023,1278021,MKTX,MARKETAXESS HOLDINGS INC
1024,1433642,HLNE,Hamilton Lane INC
1025,1411207,ALSN,Allison Transmission Holdings Inc
1026,769520,MIDD,MIDDLEBY Corp
1027,1842827,BZ,Kanzhun Ltd
1028,1637207,PLNT,"Planet Fitness, Inc."
1029,1372920,EDU,New Oriental Education & Technology Group Inc.
1030,22356,CBSH,COMMERCE BANCSHARES INC /MO/
1031,20212,CHDN,Churchill Downs Inc
1032,1867072,KD,"Kyndryl Holdings, Inc."
1033,1285785,MOS,MOSAIC CO
1034,941221,ICL,ICL Group Ltd.
1035,751364,NNN,"NNN REIT, INC."
1036,1408075,GPK,GRAPHIC PACKAGING HOLDING CO
1037,1552275,SUN,Sunoco LP
1038,71691,NYT,NEW YORK TIMES CO
1039,1289688,JCYGY,Jardine Cycle & Carriage Ltd.
1040,1581068,BRX,Brixmor Property Group Inc.
1041,39911,GAP,GAP INC
1042,1493594,MTSI,"MACOM Technology Solutions Holdings, Inc."
1043,1115055,PNFP,PINNACLE FINANCIAL PARTNERS INC
1044,1499620,TAL,TAL Education Group
1045,1308547,DLB,"Dolby Laboratories, Inc."
1046,39263,CFR,"CULLEN/FROST BANKERS, INC."
1047,929008,WCC,WESCO INTERNATIONAL INC
1048,1463101,ENPH,"Enphase Energy, Inc."
1049,1807794,CRDO,Credo Technology Group Holding Ltd
1050,831641,TTEK,TETRA TECH INC
1051,82811,RRX,REGAL REXNORD CORP
1052,1501585,HII,"HUNTINGTON INGALLS INDUSTRIES, INC."
1053,1474735,GNRC,GENERAC HOLDINGS INC.
1054,1360901,EVR,Evercore Inc.
1055,1433195,APPF,APPFOLIO INC
1056,1173382,CAE,CAE INC
1057,1023514,HMY,HARMONY GOLD MINING CO LTD
1058,1123452,ASR,SOUTHEAST AIRPORT GROUP
1059,891103,MTCH,"Match Group, Inc."
1060,1159036,HALO,"HALOZYME THERAPEUTICS, INC."
1061,28412,CMA,COMERICA INC /NEW/
1062,1794669,FOUR,"Shift4 Payments, Inc."
1063,1415404,SATS,EchoStar CORP
1064,91388,SFD,SMITHFIELD FOODS INC
1065,1787425,XP,XP Inc.
1066,1023128,LAD,LITHIA MOTORS INC
1067,921825,FR,FIRST INDUSTRIAL REALTY TRUST INC
1068,1635088,ROIV,Roivant Sciences Ltd.
1069,1214816,AXS,AXIS CAPITAL HOLDINGS LTD
1070,908937,SIRI,SIRIUS XM HOLDINGS INC.
1071,1954042,ZK,ZEEKR Intelligent Technology Holding Ltd
1072,924805,FRHC,Freedom Holding Corp.
1073,1297989,EXLS,"ExlService Holdings, Inc."
1074,1492691,KNX,Knight-Swift Transportation Holdings Inc.
1075,899689,VNO,VORNADO REALTY TRUST
1076,1717115,TEM,"Tempus AI, Inc."
1077,1519751,FBIN,"Fortune Brands Innovations, Inc."
1078,354518,EBCOY,EBARA CORP /ADR/
1079,1638826,TTAN,"ServiceTitan, Inc."
1080,1157601,MDGL,"MADRIGAL PHARMACEUTICALS, INC."
1081,1616862,AXTA,Axalta Coating Systems Ltd.
1082,1628171,RVMD,"Revolution Medicines, Inc."
1083,1124941,BECN,BEACON ROOFING SUPPLY INC
1084,1637810,FSV,FirstService Corp
1085,1655888,OBDC,Blue Owl Capital Corp
1086,1467623,DBX,"DROPBOX, INC."
1087,1125376,ENSG,"ENSIGN GROUP, INC"
1088,1015328,WTFC,WINTRUST FINANCIAL CORP
1089,1706795,BRRLY,Barry Callebaut AG/ADR
1090,1736035,BXSL,Blackstone Secured Lending Fund
1091,1913510,VFS,VinFast Auto Ltd.
1092,737758,TTC,TORO CO
1093,1018963,ATI,ATI INC
1094,101382,UMBF,UMB FINANCIAL CORP
1095,1877322,ESAB,ESAB Corp
1096,1773751,HIMS,"Hims & Hers Health, Inc."
1097,1437578,BFAM,BRIGHT HORIZONS FAMILY SOLUTIONS INC.
1098,6201,AAL,American Airlines Group Inc.
1099,1826168,TIMB,TIM S.A.
1100,1005284,OLED,UNIVERSAL DISPLAY CORP \PA\
1101,1061894,GIL,Gildan Activewear Inc.
1102,12208,BIO,"BIO-RAD LABORATORIES, INC."
1103,851968,MHK,MOHAWK INDUSTRIES INC
1104,109380,ZION,"ZIONS BANCORPORATION, NATIONAL ASSOCIATION /UT/"
1105,1801198,LEGN,Legend Biotech Corp
1106,1588823,TFII,TFI International Inc.
1107,1841666,APA,APA Corp
1108,1510599,PDI,PIMCO Dynamic Income Fund
1109,1679273,LW,"Lamb Weston Holdings, Inc."
1110,1034670,ALV,AUTOLIV INC
1111,918646,EXP,EAGLE MATERIALS INC
1112,795403,WTS,WATTS WATER TECHNOLOGIES INC
1113,880266,AGCO,AGCO CORP /DE
1114,1521036,LNTH,"Lantheus Holdings, Inc."
1115,1109354,BRKR,BRUKER CORP
1116,884614,UGI,UGI CORP /PA/
1117,84246,RLI,RLI CORP
1118,1465128,STWD,"STARWOOD PROPERTY TRUST, INC."
1119,1722684,WH,"WYNDHAM HOTELS & RESORTS, INC."
1120,1518542,SPXSY,Spirax-Sarco Engineering PLC/ADR
1121,70145,NFG,NATIONAL FUEL GAS CO
1122,1526125,GDS,GDS Holdings Ltd
1123,911177,CWST,CASELLA WASTE SYSTEMS INC
1124,1479094,STAG,"STAG Industrial, Inc."
1125,914208,IVZ,Invesco Ltd.
1126,1866368,CWAN,"Clearwater Analytics Holdings, Inc."
1127,1357615,KBR,"KBR, INC."
1128,201533,CMS-PB,CONSUMERS ENERGY CO
1129,12659,HRB,H&R BLOCK INC
1130,704532,ONTO,ONTO INNOVATION INC.
1131,1068851,PB,PROSPERITY BANCSHARES INC
1132,1002638,OTEX,OPEN TEXT CORP
1133,1852131,NXT,Nextracker Inc.
1134,1169561,CVLT,COMMVAULT SYSTEMS INC
1135,63276,MAT,MATTEL INC /DE/
1136,892553,GTLS,CHART INDUSTRIES INC
1137,707179,ONB,OLD NATIONAL BANCORP /IN/
1138,920371,SSD,"Simpson Manufacturing Co., Inc."
1139,1476150,TRNO,Terreno Realty Corp
1140,766421,ALK,"ALASKA AIR GROUP, INC."
1141,1472787,FAF,First American Financial Corp
1142,1604778,QRVO,"Qorvo, Inc."
1143,824142,AAON,"AAON, INC."
1144,1071321,TKC,TURKCELL ILETISIM HIZMETLERI A S
1145,310522,FNMA,FEDERAL NATIONAL MORTGAGE ASSOCIATION FANNIE MAE
1146,102729,VMI,VALMONT INDUSTRIES INC
1147,875357,BOKF,BOK FINANCIAL CORP
1148,912767,UFPI,UFP INDUSTRIES INC
1149,1546354,DUFRY,Dufry AG/ADR
1150,100826,UELMO,UNION ELECTRIC CO
1151,103379,VFC,V F CORP
1152,1703056,ADT,ADT Inc.
1153,1109345,NVMI,NOVA LTD.
1154,96943,TFX,TELEFLEX INC
1155,1342874,TX,Ternium S.A.
1156,1530950,POST,"Post Holdings, Inc."
1157,1433660,JBTM,JBT Marel Corp
1158,1558812,MEJHY,MEIJI Holdings Co Ltd/ADR
1159,933136,COOP,Mr. Cooper Group Inc.
1160,30625,FLS,FLOWSERVE CORP
1161,18349,SNV,SYNOVUS FINANCIAL CORP
1162,1513845,NBIS,Nebius Group N.V.
1163,1341766,CELH,"Celsius Holdings, Inc."
1164,60519,LPX,LOUISIANA-PACIFIC CORP
1165,1741530,QFIN,"Qifu Technology, Inc."
1166,1438569,GRFS,Grifols SA
1167,1815846,MNSO,MINISO Group Holding Ltd
1168,94845,LEVI,LEVI STRAUSS & CO
1169,1639300,OLLI,"Ollie's Bargain Outlet Holdings, Inc."
1170,1057877,IDA,IDACORP INC
1171,1535929,VOYA,"Voya Financial, Inc."
1172,1743881,BBIO,"BridgeBio Pharma, Inc."
1173,350698,AN,"AUTONATION, INC."
1174,1538118,YKLTY,"Yakult Honsha Co., LTD/ADR"
1175,1811210,LCID,"Lucid Group, Inc."
1176,763901,BPOP,"POPULAR, INC."
1177,1157557,CIG,ENERGY CO OF MINAS GERAIS
1178,701985,BBWI,"Bath & Body Works, Inc."
1179,1486159,CHRD,Chord Energy Corp
1180,88205,SPXC,"SPX Technologies, Inc."
1181,775158,OSK,OSHKOSH CORP
1182,908255,BWA,BORGWARNER INC
1183,1590714,ESI,Element Solutions Inc
1184,1796022,STEP,StepStone Group Inc.
1185,1636222,WING,Wingstop Inc.
1186,1990354,WAY,Waystar Holding Corp.
1187,1402388,WFG,"WEST FRASER TIMBER CO., LTD"
1188,275880,PSN,PARSONS CORP
1189,1835963,GLBE,Global-E Online Ltd.
1190,1583708,S,"SentinelOne, Inc."
1191,1046311,CHH,CHOICE HOTELS INTERNATIONAL INC /DE
1192,1442655,NGKSY,"NGK Spark Plug Co., Ltd."
1193,913353,CIGI,Colliers International Group Inc.
1194,1818201,CCCS,CCC Intelligent Solutions Holdings Inc.
1195,1347426,BMA,Macro Bank Inc.
1196,944695,THG,"HANOVER INSURANCE GROUP, INC."
1197,1001316,TGTX,"TG THERAPEUTICS, INC."
1198,1494728,PSLV,Sprott Physical Silver Trust
1199,1032033,SLM,SLM Corp
1200,703351,EAT,"BRINKER INTERNATIONAL, INC"
1201,812011,MTN,VAIL RESORTS INC
1202,1556593,RITM,Rithm Capital Corp.
1203,7431,AWI,ARMSTRONG WORLD INDUSTRIES INC
1204,1455863,COLD,AMERICOLD REALTY TRUST
1205,1579428,AXSM,"Axsome Therapeutics, Inc."
1206,2000178,LOAR,Loar Holdings Inc.
1207,1124198,FLR,FLUOR CORP
1208,1869198,LTH,"Life Time Group Holdings, Inc."
1209,1422183,FSK,FS KKR Capital Corp
1210,59558,LNC,LINCOLN NATIONAL CORP
1211,1562476,TMHC,Taylor Morrison Home Corp
1212,66570,MSA,MSA Safety Inc
1213,1836470,SRAD,Sportradar Group AG
1214,1520006,MTDR,Matador Resources Co
1215,1013857,PEGA,PEGASYSTEMS INC
1216,1309108,WEX,WEX Inc.
1217,1915657,DINO,HF Sinclair Corp
1218,1360604,HR,Healthcare Realty Trust Inc
1219,1088856,CORT,CORCEPT THERAPEUTICS INC
1220,1597264,BPMC,Blueprint Medicines Corp
1221,1728951,EPRT,"ESSENTIAL PROPERTIES REALTY TRUST, INC."
1222,887936,FCN,"FTI CONSULTING, INC"
1223,1822993,JXN,Jackson Financial Inc.
1224,9092,BMI,BADGER METER INC
1225,1567683,CWEN,"Clearway Energy, Inc."
1226,1306830,CE,Celanese Corp
1227,28917,DDS,"DILLARD'S, INC."
1228,1448978,SMBMY,SembCorp Marine Ltd.
1229,1069878,TREX,TREX CO INC
1230,1557860,GLOB,Globant S.A.
1231,1274173,JHG,JANUS HENDERSON GROUP PLC
1232,856982,MMSI,MERIT MEDICAL SYSTEMS INC
1233,85961,R,RYDER SYSTEM INC
1234,1782754,AZEK,AZEK Co Inc.
1235,2007191,TLX,Telix Pharmaceuticals Ltd
1236,1073404,GGB,GERDAU S.A.
1237,1437470,MYTHY,Mytilineos Holdings S.A.
1238,1040829,RHP,"Ryman Hospitality Properties, Inc."
1239,1590895,CZR,"Caesars Entertainment, Inc."
1240,1618563,NSA,National Storage Affiliates Trust
1241,1448893,ESNT,Essent Group Ltd.
1242,917273,RMBS,RAMBUS INC
1243,1726122,CEF,Sprott Physical Gold & Silver Trust
1244,1331520,HOMB,HOME BANCSHARES INC
1245,1734722,PATH,"UiPath, Inc."
1246,885550,CACC,CREDIT ACCEPTANCE CORP
1247,1192448,GKOS,GLAUKOS Corp
1248,1334036,CROX,"Crocs, Inc."
1249,906553,BYD,BOYD GAMING CORP
1250,2023554,SNDK,Sandisk Corp
1251,1664703,BE,Bloom Energy Corp
1252,876437,MTG,MGIC INVESTMENT CORP
1253,56047,KEX,KIRBY CORP
1254,1520262,ALKS,Alkermes plc.
1255,1626115,PJT,PJT Partners Inc.
1256,1439288,ZWS,Zurn Elkay Water Solutions Corp
1257,1049502,MKSI,MKS INSTRUMENTS INC
1258,355811,GNTX,GENTEX CORP
1259,1584207,OMF,"OneMain Holdings, Inc."
1260,9326,BCPC,BALCHEM CORP
1261,67887,MOG-A,MOOG INC.
1262,1650729,SITE,"SiteOne Landscape Supply, Inc."
1263,1723089,CHX,ChampionX Corp
1264,935036,ACIW,"ACI WORLDWIDE, INC."
1265,1299939,CADE,Cadence Bank
1266,821130,USM,UNITED STATES CELLULAR CORP
1267,1014739,OPCH,"Option Care Health, Inc."
1268,874866,CRVL,CORVEL CORP
1269,1849853,STVN,Stevanato Group S.p.A.
1270,2019061,SOBO,South Bow Corp
1271,1405495,IDCC,"InterDigital, Inc."
1272,1860742,BLCO,Bausch & Lomb Corp
1273,40211,GATX,GATX CORP
1274,7536,ARW,"ARROW ELECTRONICS, INC."
1275,1021860,NOV,NOV Inc.
1276,315213,RHI,ROBERT HALF INC.
1277,1861560,NUVL,"Nuvalent, Inc."
1278,1592386,VIRT,"Virtu Financial, Inc."
1279,1868778,INFA,Informatica Inc.
1280,853816,LSTR,LANDSTAR SYSTEM INC
1281,90896,SKY,"Champion Homes, Inc."
1282,1692115,SWX,"Southwest Gas Holdings, Inc."
1283,874015,IONS,IONIS PHARMACEUTICALS INC
1284,772406,CRUS,"CIRRUS LOGIC, INC."
1285,23194,CRK,COMSTOCK RESOURCES INC
1286,1647088,WSC,WillScot Holdings Corp
1287,849869,SLGN,SILGAN HOLDINGS INC
1288,1590717,CTRE,"CareTrust REIT, Inc."
1289,1806837,VERX,"Vertex, Inc."
1290,1824920,IONQ,"IonQ, Inc."
1291,1061983,CYTK,CYTOKINETICS INC
1292,230557,SIGI,SELECTIVE INSURANCE GROUP INC
1293,1454144,ERELY,Eregli Demir ve Celik Fabrikalari TAS/ADR
1294,1236275,QXO,"QXO, Inc."
1295,1711279,KRYS,"Krystal Biotech, Inc."
1296,1142417,NXST,"NEXSTAR MEDIA GROUP, INC."
1297,851205,CGNX,COGNEX CORP
1298,1576280,GH,"Guardant Health, Inc."
1299,1995807,LB,LandBridge Co LLC
1300,1122491,BRFS,BRF S.A.
1301,1934850,FG,"F&G Annuities & Life, Inc."
1302,1157408,LRN,"Stride, Inc."
1303,1571123,SAIC,Science Applications International Corp
1304,889331,LFUS,LITTELFUSE INC /DE
1305,1031203,GPI,GROUP 1 AUTOMOTIVE INC
1306,1739104,ELAN,Elanco Animal Health Inc
1307,1487139,SKLTY,Seek Ltd
1308,98362,TKR,TIMKEN CO
1309,1791863,BEPC,Brookfield Renewable Corp
1310,840489,FCFS,"FirstCash Holdings, Inc."
1311,36029,FFIN,FIRST FINANCIAL BANKSHARES INC
1312,842162,LEA,LEAR CORP
1313,78150,PHI,PLDT Inc.
1314,37785,FMC,FMC CORP
1315,22444,CMC,COMMERCIAL METALS Co
1316,868671,GBCI,"GLACIER BANCORP, INC."
1317,1437153,CUYTY,Colruyt SA
1318,1469395,PAM,Pampa Energy Inc.
1319,833079,MTH,Meritage Homes CORP
1320,1823529,ACT,"Enact Holdings, Inc."
1321,887343,COLB,"COLUMBIA BANKING SYSTEM, INC."
1322,1955520,KNF,Knife River Corp
1323,912958,TIGO,MILLICOM INTERNATIONAL CELLULAR SA
1324,1487712,AL,AIR LEASE CORP
1325,57515,LANC,LANCASTER COLONY CORP
1326,1363829,ESGR,Enstar Group LTD
1327,1569650,OZK,Bank OZK
1328,1786431,REYN,Reynolds Consumer Products Inc.
1329,1889956,OS,"OneStream, Inc."
1330,1282637,NEU,NEWMARKET CORP
1331,729986,UBSI,UNITED BANKSHARES INC/WV
1332,106640,WHR,WHIRLPOOL CORP /DE/
1333,1745916,PFSI,"PennyMac Financial Services, Inc."
1334,1466085,IRT,"INDEPENDENCE REALTY TRUST, INC."
1335,1041792,ELP,ENERGY CO OF PARANA
1336,1396440,MAIN,Main Street Capital CORP
1337,1076930,NOVT,NOVANTA INC
1338,1581990,PAGP,PLAINS GP HOLDINGS LP
1339,784977,POR,PORTLAND GENERAL ELECTRIC CO /OR/
1340,764065,CLF,CLEVELAND-CLIFFS INC.
1341,1624794,CSWI,"CSW INDUSTRIALS, INC."
1342,356309,NJR,NEW JERSEY RESOURCES CORP
1343,1718512,GTES,Gates Industrial Corp plc
1344,932696,NSIT,INSIGHT ENTERPRISES INC
1345,714310,VLY,VALLEY NATIONAL BANCORP
1346,1445305,WK,WORKIVA INC
1347,866291,ALGM,"ALLEGRO MICROSYSTEMS, INC."
1348,910073,FLG,"FLAGSTAR FINANCIAL, INC."
1349,1370637,ETSY,ETSY INC
1350,1286043,KRG,KITE REALTY GROUP TRUST
1351,1786842,VNT,Vontier Corp
1352,1759509,LYFT,"Lyft, Inc."
1353,1476204,PECO,"Phillips Edison & Company, Inc."
1354,1434588,LOPE,"Grand Canyon Education, Inc."
1355,1580905,IBP,"Installed Building Products, Inc."
1356,1609550,INSP,"Inspire Medical Systems, Inc."
1357,1563190,COMP,"Compass, Inc."
1358,1024305,COTY,COTY INC.
1359,18926,LUMN,"Lumen Technologies, Inc."
1360,776867,WTM,WHITE MOUNTAINS INSURANCE GROUP LTD
1361,1819848,JOBY,"Joby Aviation, Inc."
1362,37808,FNB,FNB CORP/PA/
1363,1047127,AMKR,"AMKOR TECHNOLOGY, INC."
1364,1852244,GXO,"GXO Logistics, Inc."
1365,25232,CUZ,COUSINS PROPERTIES INC
1366,1108426,TXNM,TXNM ENERGY INC
1367,780571,ITRI,"ITRON, INC."
1368,813762,IEP,ICAHN ENTERPRISES L.P.
1369,1004434,AMG,"AFFILIATED MANAGERS GROUP, INC."
1370,1092699,SPSC,SPS COMMERCE INC
1371,1565687,INTA,"Intapp, Inc."
1372,277509,FSS,FEDERAL SIGNAL CORP /DE/
1373,912615,URBN,URBAN OUTFITTERS INC
1374,1659939,ENIC,Enel Chile S.A.
1375,1710864,MSSMY,Misumi Group Inc./ADR
1376,1632970,AHR,"American Healthcare REIT, Inc."
1377,890926,RDN,RADIAN GROUP INC
1378,1144980,ABG,ASBURY AUTOMOTIVE GROUP INC
1379,717605,HXL,HEXCEL CORP /DE/
1380,1069258,KTOS,"KRATOS DEFENSE & SECURITY SOLUTIONS, INC."
1381,38725,FELE,FRANKLIN ELECTRIC CO INC
1382,1867729,WRD,WeRide Inc.
1383,1762506,VIST,"Vista Energy, S.A.B. de C.V."
1384,1107843,QLYS,"QUALYS, INC."
1385,1636519,MSGS,Madison Square Garden Sports Corp.
1386,1230245,PIPR,PIPER SANDLER COMPANIES
1387,1969302,PONY,Pony AI Inc.
1388,1592438,ROYMY,Royal Mail plc/ADR
1389,1786352,BILL,"BILL Holdings, Inc."
1390,1430723,SFBS,"ServisFirst Bancshares, Inc."
1391,1410384,QTWO,"Q2 Holdings, Inc."
1392,1361113,VRNS,VARONIS SYSTEMS INC
1393,931427,TGS,GAS TRANSPORTER OF THE SOUTH INC
1394,1653653,RRR,"Red Rock Resorts, Inc."
1395,1029199,EEFT,"EURONET WORLDWIDE, INC."
1396,91767,SON,SONOCO PRODUCTS CO
1397,1449664,NWSGY,CTF Services Ltd
1398,16040,CBT,CABOT CORP
1399,1070412,CNX,CNX Resources Corp
1400,916540,DAR,DARLING INGREDIENTS INC.
1401,1674910,VVV,VALVOLINE INC
1402,1372612,BOX,BOX INC
1403,1647639,UPST,"Upstart Holdings, Inc."
1404,67347,MOD,MODINE MANUFACTURING CO
1405,1897762,INGM,Ingram Micro Holding Corp
1406,1126956,SR,SPIRE INC
1407,1544522,FRSH,Freshworks Inc.
1408,1296445,ORA,"ORMAT TECHNOLOGIES, INC."
1409,1698990,MGY,Magnolia Oil & Gas Corp
1410,1012100,SEE,SEALED AIR CORP/DE
1411,52827,RYN,RAYONIER INC
1412,1587732,OGS,"ONE Gas, Inc."
1413,750577,HWC,HANCOCK WHITNEY CORP
1414,1368514,ADMA,"ADMA BIOLOGICS, INC."
1415,2011286,AMTM,"Amentum Holdings, Inc."
1416,1050797,COLM,COLUMBIA SPORTSWEAR CO
1417,795266,KBH,KB HOME
1418,912242,MAC,MACERICH CO
1419,1507605,MARA,"MARA Holdings, Inc."
1420,1447137,BKGFY,Berkeley Group Holdings plc
1421,1660280,TENB,"Tenable Holdings, Inc."
1422,1849635,DJT,Trump Media & Technology Group Corp.
1423,3453,MATX,"Matson, Inc."
1424,67215,DY,DYCOM INDUSTRIES INC
1425,860748,KMPR,KEMPER Corp
1426,1130464,BKH,BLACK HILLS CORP /SD/
1427,1389050,AROC,"Archrock, Inc."
1428,1273813,AGO,ASSURED GUARANTY LTD
1429,1726978,GSHD,"Goosehead Insurance, Inc."
1430,1611647,FRPT,"Freshpet, Inc."
1431,1040971,SLG,SL GREEN REALTY CORP
1432,928876,TSEM,TOWER SEMICONDUCTOR LTD
1433,1003078,MSM,MSC INDUSTRIAL DIRECT CO INC
1434,1070081,PTCT,"PTC THERAPEUTICS, INC."
1435,1094831,BGC,"BGC Group, Inc."
1436,1633978,LITE,Lumentum Holdings Inc.
1437,913059,BBAR,Banco BBVA Argentina S.A.
1438,1596967,MC,Moelis & Co
1439,851520,EXPO,EXPONENT INC
1440,1350593,MWA,"Mueller Water Products, Inc."
1441,1258602,NNI,NELNET INC
1442,1012019,RUSHA,RUSH ENTERPRISES INC \TX\
1443,1788348,BIPC,Brookfield Infrastructure Corp
1444,1570585,LBTYA,Liberty Global Ltd.
1445,1295947,PBH,Prestige Consumer Healthcare Inc.
1446,1723128,AMRX,"Amneal Pharmaceuticals, Inc."
1447,730263,THO,THOR INDUSTRIES INC
1448,887153,SIM,"GRUPO SIMEC, S.A.B. de C.V."
1449,1692063,SNDR,"Schneider National, Inc."
1450,1839439,PYCR,"PAYCOR HCM, INC."
1451,866706,ESE,ESCO TECHNOLOGIES INC
1452,1853717,ATAT,Atour Lifestyle Holdings Ltd
1453,8858,AVT,AVNET INC
1454,825313,AB,ALLIANCEBERNSTEIN HOLDING L.P.
1455,913142,BDC,BELDEN INC.
1456,822663,IPAR,INTERPARFUMS INC
1457,1311370,LAZ,"Lazard, Inc."
1458,1492298,SBRA,"Sabra Health Care REIT, Inc."
1459,886346,KAI,KADANT INC
1460,897723,SANM,SANMINA CORP
1461,2040127,KRMN,Karman Holdings Inc.
1462,1801368,MP,MP Materials Corp. / DE
1463,72333,JWN,NORDSTROM INC
1464,1795589,KC,Kingsoft Cloud Holdings Ltd
1465,1528849,RH,RH
1466,1824502,ACHR,Archer Aviation Inc.
1467,16160,CALM,CAL-MAINE FOODS INC
1468,1114483,ITGR,Integer Holdings Corp
1469,1599901,RNA,"Avidity Biosciences, Inc."
1470,1477294,ST,Sensata Technologies Holding plc
1471,1647822,SVMB,"Jingbo Technology, Inc."
1472,1786205,ACLX,"Arcellx, Inc."
1473,1616707,W,Wayfair Inc.
1474,1038074,SLAB,SILICON LABORATORIES INC.
1475,1177609,FIVE,"FIVE BELOW, INC"
1476,1782170,RELY,"Remitly Global, Inc."
1477,1442653,ROHCY,"ROHM Co., Ltd."
1478,278166,CVCO,CAVCO INDUSTRIES INC.
1479,1224608,CNO,"CNO Financial Group, Inc."
1480,1821825,OGN,Organon & Co.
1481,1704292,ZLAB,Zai Lab Ltd
1482,104889,GHC,Graham Holdings Co
1483,1364885,SPR,"Spirit AeroSystems Holdings, Inc."
1484,1128928,FLO,FLOWERS FOODS INC
1485,1710366,CNR,"Core Natural Resources, Inc."
1486,1051512,TDS,TELEPHONE & DATA SYSTEMS INC /DE/
1487,868780,DORM,"Dorman Products, Inc."
1488,1672013,GOLF,Acushnet Holdings Corp.
1489,1045450,EPR,EPR PROPERTIES
1490,1739445,ACA,"Arcosa, Inc."
1491,1718227,ROAD,"Construction Partners, Inc."
1492,927003,AEIS,ADVANCED ENERGY INDUSTRIES INC
1493,1476765,GBDC,"GOLUB CAPITAL BDC, Inc."
1494,1794515,ZI,ZoomInfo Technologies Inc.
1495,930826,SLVYY,SOLVAY S A /ADR/
1496,351569,ABCB,Ameris Bancorp
1497,1284812,CNS,"COHEN & STEERS, INC."
1498,315709,IBOC,INTERNATIONAL BANCSHARES CORP
1499,1018840,ANF,ABERCROMBIE & FITCH CO /DE/
1500,1025996,KRC,KILROY REALTY CORP
1501,794367,M,"Macy's, Inc."
1502,1451809,SITM,SITIME Corp
1503,1429937,BTG,B2GOLD CORP
1504,69891,FIZZ,NATIONAL BEVERAGE CORP
1505,1345105,CPA,"Copa Holdings, S.A."
1506,1609253,CRC,California Resources Corp
1507,66756,ALE,ALLETE INC
1508,717954,UNF,UNIFIRST CORP
1509,1032220,MMS,"MAXIMUS, INC."
1510,215466,CDE,"Coeur Mining, Inc."
1511,1603923,WFRD,Weatherford International plc
1512,1174169,AQN,ALGONQUIN POWER & UTILITIES CORP.
1513,1829726,TFPM,Triple Flag Precious Metals Corp.
1514,1773427,SWTX,"SpringWorks Therapeutics, Inc."
1515,1289308,ENS,EnerSys
1516,1828365,RLX,RLX Technology Inc.
1517,1854587,CLBT,Cellebrite DI Ltd.
1518,1800667,FROG,JFrog Ltd
1519,1615903,IFS,Intercorp Financial Services Inc.
1520,14930,BC,BRUNSWICK CORP
1521,944148,CBZ,"CBIZ, Inc."
1522,1585364,PRGO,PERRIGO Co plc
1523,1841156,PAY,"Paymentus Holdings, Inc."
1524,1515673,RARE,Ultragenyx Pharmaceutical Inc.
1525,1800227,IAC,IAC Inc.
1526,1328581,BCC,BOISE CASCADE Co
1527,1545851,VRN,Veren Inc.
1528,760498,BANF,BANCFIRST CORP /OK/
1529,719413,HL,HECLA MINING CO/DE/
1530,78890,BCO,BRINKS CO
1531,1981792,HHH,Howard Hughes Holdings Inc.
1532,1674416,CRSP,CRISPR Therapeutics AG
1533,937098,TNET,"TRINET GROUP, INC."
1534,1627272,OR,Osisko Gold Royalties LTD
1535,717423,MUR,MURPHY OIL CORP
1536,1122976,AVNT,AVIENT CORP
1537,1570827,VCTR,"Victory Capital Holdings, Inc."
1538,1013131,BVN,BUENAVENTURA MINING CO INC
1539,899715,SKT,TANGER INC.
1540,1600033,ELF,"e.l.f. Beauty, Inc."
1541,1048268,IESC,"IES Holdings, Inc."
1542,923796,GEO,GEO GROUP INC
1543,78239,PVH,PVH CORP. /DE/
1544,1378239,OMAB,Central North Airport Group
1545,1365135,WU,Western Union CO
1546,1744659,AKRO,"Akero Therapeutics, Inc."
1547,932470,TEO,TELECOM ARGENTINA SA
1548,1840856,SOUN,"SOUNDHOUND AI, INC."
1549,1164863,NPO,Enpro Inc.
1550,7789,ASB,ASSOCIATED BANC-CORP
1551,1895262,NE,Noble Corp plc
1552,874238,STRL,"STERLING INFRASTRUCTURE, INC."
1553,1560968,SMSEY,Samsonite International SA/ADR
1554,1620533,SHAK,Shake Shack Inc.
1555,1287865,MPW,MEDICAL PROPERTIES TRUST INC
1556,1299709,AX,"Axos Financial, Inc."
1557,913290,FRO,Frontline plc
1558,1999001,FUN,Six Flags Entertainment Corporation/NEW
1559,2017206,MRP,"Millrose Properties, Inc."
1560,1527636,ATHM,Autohome Inc.
1561,1361538,PRIM,Primoris Services Corp
1562,730464,ATGE,Adtalem Global Education Inc.
1563,806628,DNP,DNP SELECT INCOME FUND INC
1564,1338749,PCH,POTLATCHDELTIC CORP
1565,1364479,HRI,HERC HOLDINGS INC
1566,1368622,AVAV,AeroVironment Inc
1567,1799208,DNB,"Dun & Bradstreet Holdings, Inc."
1568,913760,SNEX,StoneX Group Inc.
1569,1702744,SMPL,Simply Good Foods Co
1570,56679,KFY,KORN FERRY
1571,1561894,HASI,"HA Sustainable Infrastructure Capital, Inc."
1572,1676238,BRZE,"Braze, Inc."
1573,1061630,BXMT,"BLACKSTONE MORTGAGE TRUST, INC."
1574,1820872,GBTG,"Global Business Travel Group, Inc."
1575,790526,RDNT,"RadNet, Inc."
1576,883984,ICUI,ICU MEDICAL INC/DE
1577,1761312,PLMR,"Palomar Holdings, Inc."
1578,825542,SMG,SCOTTS MIRACLE-GRO CO
1579,1466593,OTTR,Otter Tail Corp
1580,1207179,GLNG,GOLAR LNG LTD
1581,1377121,PTGX,"Protagonist Therapeutics, Inc"
1582,1567172,JGSMY,"JG Summit Holdings, Inc./ADR"
1583,1993004,NWE,"NorthWestern Energy Group, Inc."
1584,1898416,ALVO,Alvotech
1585,1339605,HEES,"H&E Equipment Services, Inc."
1586,1195737,NEA,Nuveen AMT-Free Quality Municipal Income Fund
1587,1381668,TFSL,TFS Financial CORP
1588,1856314,YOU,"Clear Secure, Inc."
1589,1820144,GRND,Grindr Inc.
1590,1849056,OKLO,Oklo Inc.
1591,793733,SKYW,SKYWEST INC
1592,67716,MDU,MDU RESOURCES GROUP INC
1593,1161728,MGEE,MGE ENERGY INC
1594,1504764,AVAL,Grupo Aval Acciones Y Valores S.A.
1595,1158324,CCOI,"COGENT COMMUNICATIONS HOLDINGS, INC."
1596,1607678,VKTX,"Viking Therapeutics, Inc."
1597,877860,NHI,NATIONAL HEALTH INVESTORS INC
1598,1619762,IGT,International Game Technology PLC
1599,857855,UCB,UNITED COMMUNITY BANKS INC
1600,1651311,MRUS,Merus N.V.
1601,1489079,ADOOY,Adaro Energy PT/ADR/
1602,1077428,TCBI,TEXAS CAPITAL BANCSHARES INC/TX
1603,1760965,KTB,"Kontoor Brands, Inc."
1604,1424182,BNL,"Broadstone Net Lease, Inc."
1605,746598,BRC,BRADY CORP
1606,313143,HAE,HAEMONETICS CORP
1607,1203464,IAG,IAMGOLD CORP
1608,1809987,MIR,"Mirion Technologies, Inc."
1609,785786,PLXS,PLEXUS CORP
1610,1727196,SRRK,Scholar Rock Holding Corp
1611,1809104,ALIT,"Alight, Inc. / Delaware"
1612,1851003,ZETA,Zeta Global Holdings Corp.
1613,1582961,DOCN,"DigitalOcean Holdings, Inc."
1614,1658247,CRNX,"Crinetics Pharmaceuticals, Inc."
1615,1878057,SGHC,Super Group (SGHC) Ltd
1616,893538,SM,SM Energy Co
1617,50725,GFF,GRIFFON CORP
1618,1000753,NSP,"INSPERITY, INC."
1619,1674168,HGV,Hilton Grand Vacations Inc.
1620,833640,POWI,POWER INTEGRATIONS INC
1621,1568651,OSCR,"Oscar Health, Inc."
1622,1822479,SHC,Sotera Health Co
1623,1527508,PTVE,Pactiv Evergreen Inc.
1624,2021938,SNRE,Sunrise Communications AG
1625,1682745,VRRM,VERRA MOBILITY Corp
1626,1308648,AG,FIRST MAJESTIC SILVER CORP
1627,105132,WDFC,WD 40 CO
1628,700564,FULT,FULTON FINANCIAL CORP
1629,1649904,RYTM,"RHYTHM PHARMACEUTICALS, INC."
1630,1764013,IMVT,"Immunovant, Inc."
1631,1902733,NCNO,"nCino, Inc."
1632,1767042,KGS,"Kodiak Gas Services, Inc."
1633,1418121,APLE,"Apple Hospitality REIT, Inc."
1634,1290109,LPL,"LG Display Co., Ltd."
1635,1494259,CARG,"CarGurus, Inc."
1636,1840776,HGTY,"Hagerty, Inc."
1637,793742,HACBY,HACHIJUNI BANK LTD
1638,1086600,ARLP,ALLIANCE RESOURCE PARTNERS LP
1639,1810546,EBC,"Eastern Bankshares, Inc."
1640,104918,AVA,AVISTA CORP
1641,1739942,SWI,SolarWinds Corp
1642,1280058,BLKB,BLACKBAUD INC
1643,1621434,BSM,"Black Stone Minerals, L.P."
1644,1534675,TGLS,Tecnoglass Inc.
1645,861459,GVA,GRANITE CONSTRUCTION INC
1646,1280784,HTGC,"Hercules Capital, Inc."
1647,799292,MHO,"M/I HOMES, INC."
1648,918608,EGO,ELDORADO GOLD CORP /FI
1649,1361658,TNL,Travel & Leisure Co.
1650,1685040,BHF,"Brighthouse Financial, Inc."
1651,1692787,KNTK,Kinetik Holdings Inc.
1652,310142,SXT,SENSIENT TECHNOLOGIES CORP
1653,36377,FHB,"FIRST HAWAIIAN, INC."
1654,1610250,BOOT,"Boot Barn Holdings, Inc."
1655,1388658,IRTC,"iRhythm Technologies, Inc."
1656,1588978,PRCT,PROCEPT BioRobotics Corp
1657,1756607,EQX,Equinox Gold Corp.
1658,1492422,APLS,"Apellis Pharmaceuticals, Inc."
1659,1056288,FHI,"FEDERATED HERMES, INC."
1660,1364250,DEI,Douglas Emmett Inc
1661,64996,MCY,MERCURY GENERAL CORP
1662,1094972,UGP,ULTRAPAR HOLDINGS INC
1663,30697,WEN,Wendy's Co
1664,921082,HIW,"HIGHWOODS PROPERTIES, INC."
1665,1688568,DXC,DXC Technology Co
1666,1817358,ASO,"Academy Sports & Outdoors, Inc."
1667,1509589,CIVI,"CIVITAS RESOURCES, INC."
1668,860546,CDP,COPT DEFENSE PROPERTIES
1669,896262,AMED,AMEDISYS INC
1670,1581760,LIF,"Life360, Inc."
1671,1888447,EE,"Excelerate Energy, Inc."
1672,1690680,NMRK,"NEWMARK GROUP, INC."
1673,1026214,FMCC,FEDERAL HOME LOAN MORTGAGE CORP
1674,1522727,USAC,"USA Compression Partners, LP"
1675,1921963,ATMU,Atmus Filtration Technologies Inc.
1676,793952,HOG,"HARLEY-DAVIDSON, INC."
1677,1638833,SGRY,"Surgery Partners, Inc."
1678,1651717,NOMD,Nomad Foods Ltd
1679,861842,CATY,CATHAY GENERAL BANCORP
1680,1666134,BL,"BLACKLINE, INC."
1681,1477720,ASAN,"Asana, Inc."
1682,203596,WSBC,WESBANCO INC
1683,828944,WSFS,WSFS FINANCIAL CORP
1684,25445,CXT,"Crane NXT, Co."
1685,1834622,HAYW,"Hayward Holdings, Inc."
1686,723188,CBU,"COMMUNITY FINANCIAL SYSTEM, INC."
1687,818479,XRAY,DENTSPLY SIRONA Inc.
1688,1056903,AWR,AMERICAN STATES WATER CO
1689,874499,GPOR,GULFPORT ENERGY CORP
1690,1929561,RXO,"RXO, Inc."
1691,1832466,ALHC,"Alignment Healthcare, Inc."
1692,1699136,WHD,"Cactus, Inc."
1693,860413,FIBK,FIRST INTERSTATE BANCSYSTEM INC
1694,1865782,BTSG,"BrightSpring Health Services, Inc."
1695,889900,PTEN,PATTERSON UTI ENERGY INC
1696,890564,ASGN,ASGN Inc
1697,1418819,IRDM,Iridium Communications Inc.
1698,1717393,CAAP,CORPORACION AMERICA AIRPORTS S.A.
1699,1714174,BUR,Burford Capital Ltd
1700,1110452,AFLYY,AIR FRANCE-KLM /FI
1701,1307954,HUN,Huntsman CORP
1702,1057706,FBP,FIRST BANCORP /PR/
1703,1322422,HBM,Hudbay Minerals Inc.
1704,1459200,ALRM,"Alarm.com Holdings, Inc."
1705,771497,ABM,ABM INDUSTRIES INC /DE/
1706,1385280,CNK,"Cinemark Holdings, Inc."
1707,1564538,GRP-UN,GRANITE REAL ESTATE INVESTMENT TRUST
1708,1935979,BHVN,Biohaven Ltd.
1709,1497770,WD,"Walker & Dunlop, Inc."
1710,1949543,STR,Sitio Royalties Corp.
1711,19745,CPK,CHESAPEAKE UTILITIES CORP
1712,1109138,CAMT,CAMTEK LTD
1713,1336917,UAA,"Under Armour, Inc."
1714,1984060,AESI,Atlas Energy Solutions Inc.
1715,883948,AUB,Atlantic Union Bankshares Corp
1716,1039065,OSIS,OSI SYSTEMS INC
1717,39368,FUL,FULLER H B CO
1718,925261,AKO-A,ANDINA BOTTLING CO INC
1719,1454480,SHZNY,Shenzhen Expressway Co. / ADR
1720,1561680,TPH,"Tri Pointe Homes, Inc."
1721,1759655,PRVA,"Privia Health Group, Inc."
1722,88941,SMTC,SEMTECH CORP
1723,1144800,TAC,TRANSALTA CORP
1724,1263994,UTG,REAVES UTILITY INCOME FUND
1725,1727263,FTDR,"Frontdoor, Inc."
1726,76605,PATK,PATRICK INDUSTRIES INC
1727,1577526,AI,"C3.ai, Inc."
1728,1803599,CNXC,Concentrix Corp
1729,1104485,NOG,"NORTHERN OIL & GAS, INC."
1730,1777921,AVPT,"AvePoint, Inc."
1731,39899,TGNA,TEGNA INC
1732,1757073,NVST,Envista Holdings Corp
1733,1978954,TBBB,BBB FOODS INC
1734,1035201,CWT,CALIFORNIA WATER SERVICE GROUP
1735,1468091,VEON,VEON Ltd.
1736,1748797,DOOO,BRP Inc.
1737,1070494,ACAD,ACADIA PHARMACEUTICALS INC
1738,912766,LAUR,"LAUREATE EDUCATION, INC."
1739,1764046,CLVT,CLARIVATE PLC
1740,1477815,SG,"Sweetgreen, Inc."
1741,1786909,SBSW,Sibanye Stillwater Ltd
1742,891024,PDCO,"PATTERSON COMPANIES, INC."
1743,1508475,VNET,"VNET Group, Inc."
1744,1650132,FCPT,"Four Corners Property Trust, Inc."
1745,1745431,STNE,StoneCo Ltd.
1746,871763,MAN,ManpowerGroup Inc.
1747,1083839,NAD,Nuveen Quality Municipal Income Fund
1748,1547903,NMIH,"NMI Holdings, Inc."
1749,899629,AKR,ACADIA REALTY TRUST
1750,1517302,APAM,Artisan Partners Asset Management Inc.
1751,1804745,DRVN,Driven Brands Holdings Inc.
1752,752714,MGRC,MCGRATH RENTCORP
1753,1866175,CRGY,Crescent Energy Co
1754,1178879,FOLD,"AMICUS THERAPEUTICS, INC."
1755,1366868,GSAT,"Globalstar, Inc."
1756,1276520,GNW,GENWORTH FINANCIAL INC
1757,74303,OLN,OLIN Corp
1758,1600438,GMS,GMS Inc.
1759,1546538,BTSGY,BTS Group Holdings Public Co Limited/ADR
1760,1582313,XENE,Xenon Pharmaceuticals Inc.
1761,888746,CCU,UNITED BREWERIES CO INC
1762,1090116,NVG,Nuveen AMT-Free Municipal Credit Income Fund
1763,43920,GEF,"GREIF, INC"
1764,1816007,LU,Lufax Holding Ltd
1765,1845257,LFST,"LifeStance Health Group, Inc."
1766,1781755,BWIN,"Baldwin Insurance Group, Inc."
1767,1049521,MRCY,MERCURY SYSTEMS INC
1768,1698535,NXE,NexGen Energy Ltd.
1769,814453,NWL,NEWELL BRANDS INC.
1770,910108,LXP,LXP Industrial Trust
1771,1680056,ORLA,Orla Mining Ltd.
1772,776901,INDB,INDEPENDENT BANK CORP
1773,2014596,CON,"Concentra Group Holdings Parent, Inc."
1774,46195,BOH,BANK OF HAWAII CORP
1775,82020,USLM,UNITED STATES LIME & MINERALS INC
1776,1648257,HCM,HUTCHMED (China) Ltd
1777,1670592,YETI,"YETI Holdings, Inc."
1778,1861737,HSAI,Hesai Group
1779,1674862,ASH,ASHLAND INC.
1780,314590,SSL,SASOL LTD
1781,785956,JJSF,J&J SNACK FOODS CORP
1782,1167419,RIOT,"Riot Platforms, Inc."
1783,42582,GT,GOODYEAR TIRE & RUBBER CO /OH/
1784,1579877,OUT,OUTFRONT Media Inc.
1785,1595761,WB,WEIBO Corp
1786,1356570,WNS,WNS (HOLDINGS) LTD
1787,97216,TEX,TEREX CORP
1788,354647,CVBF,CVB FINANCIAL CORP
1789,1520697,ACHC,"Acadia Healthcare Company, Inc."
1790,88121,SEB,SEABOARD CORP /DE/
1791,1936258,NAMS,NewAmsterdam Pharma Co N.V.
1792,1839341,CORZ,"Core Scientific, Inc./tx"
1793,1216583,JPC,Nuveen Preferred & Income Opportunities Fund
1794,1856485,SLVM,Sylvamo Corp
1795,745308,JOE,ST JOE Co
1796,90498,SFNC,SIMMONS FIRST NATIONAL CORP
1797,8947,AZZ,AZZ INC
1798,1275214,CSQ,CALAMOS STRATEGIC TOTAL RETURN FUND
1799,1114995,PI,IMPINJ INC
1800,1529274,ALKT,"ALKAMI TECHNOLOGY, INC."
1801,1838359,RGTI,"Rigetti Computing, Inc."
1802,1373670,GRBK,"Green Brick Partners, Inc."
1803,800166,NGD,New Gold Inc. /FI
1804,1853513,MCW,"Mister Car Wash, Inc."
1805,1845815,PAYO,Payoneer Global Inc.
1806,1394832,ATS,ATS Corp /ATS
1807,1745999,BEAM,Beam Therapeutics Inc.
1808,314808,VAL,Valaris Ltd
1809,1111928,IPGP,IPG PHOTONICS CORP
1810,1380936,GOF,GUGGENHEIM STRATEGIC OPPORTUNITIES FUND
1811,949870,SAM,BOSTON BEER CO INC
1812,1070235,BB,BLACKBERRY Ltd
1813,1289848,HURN,Huron Consulting Group Inc.
1814,2040807,MTSR,"Metsera, Inc."
1815,1369568,CPRX,"CATALYST PHARMACEUTICALS, INC."
1816,1637873,ACVA,ACV Auctions Inc.
1817,1190935,PTY,PIMCO CORPORATE & INCOME OPPORTUNITY FUND
1818,1530238,YY,JOYY Inc.
1819,1740332,REZI,"RESIDEO TECHNOLOGIES, INC."
1820,1041803,PSMT,PRICESMART INC
1821,1907085,ODD,Oddity Tech Ltd
1822,1564902,PRKS,United Parks & Resorts Inc.
1823,1691303,HCC,"WARRIOR MET COAL, INC."
1824,1326110,IBRX,"ImmunityBio, Inc."
1825,1379438,EXG,Eaton Vance Tax-Managed Global Diversified Equity Income Fund
1826,885590,BHC,Bausch Health Companies Inc.
1827,1958140,BATRA,"Atlanta Braves Holdings, Inc."
1828,1559444,FAURY,FORVIA SE/ADR
1829,1611547,UE,Urban Edge Properties
1830,921738,PENN,"PENN Entertainment, Inc."
1831,1455633,PEGRY,Pennon Group Plc / ADR
1832,1451505,RIG,Transocean Ltd.
1833,1530721,CPRI,Capri Holdings Ltd
1834,1818331,WGS,GeneDx Holdings Corp.
1835,886977,MEOH,METHANEX CORP
1836,1864163,INTR,"Inter & Co, Inc."
1837,46765,HP,"Helmerich & Payne, Inc."
1838,805676,PRK,PARK NATIONAL CORP /OH/
1839,1504008,BKU,"BankUnited, Inc."
1840,2027317,CURB,Curbline Properties Corp.
1841,1295401,TBBK,"Bancorp, Inc."
1842,1328237,DBC,Invesco DB Commodity Index Tracking Fund
1843,1821586,MLTX,MoonLake Immunotherapeutics
1844,1601830,RXRX,"RECURSION PHARMACEUTICALS, INC."
1845,1504776,WRBY,Warby Parker Inc.
1846,1054905,IOSP,INNOSPEC INC.
1847,817720,SYNA,SYNAPTICS Inc
1848,1830081,RUM,Rumble Inc.
1849,2035304,TTAM,Titan America SA
1850,1362988,AYR,Aircastle LTD
1851,1691421,LMND,"Lemonade, Inc."
1852,1137887,NZF,Nuveen Municipal Credit Income Fund
1853,1384905,RNG,"RingCentral, Inc."
1854,1569345,CXM,"Sprinklr, Inc."
1855,1906324,QDEL,QuidelOrtho Corp
1856,1628369,CWK,Cushman & Wakefield plc
1857,1543726,NHNKY,Nihon Kohden Corporation/ADR
1858,912093,VIAV,VIAVI SOLUTIONS INC.
1859,708821,PAR,PAR TECHNOLOGY CORP
1860,1039399,FORM,FORMFACTOR INC
1861,1829118,TUYA,Tuya Inc.
1862,107140,WLY,"JOHN WILEY & SONS, INC."
1863,1750,AIR,AAR CORP
1864,1846832,DLO,dLocal Ltd
1865,1819796,GCMG,GCM Grosvenor Inc.
1866,931015,PII,Polaris Inc.
1867,1384101,VCYT,"VERACYTE, INC."
1868,1884082,PSNY,Polestar Automotive Holding UK PLC
1869,1639825,PTON,"PELOTON INTERACTIVE, INC."
1870,99780,TRN,TRINITY INDUSTRIES INC
1871,1101215,BFH,"BREAD FINANCIAL HOLDINGS, INC."
1872,1819928,DV,"DoubleVerify Holdings, Inc."
1873,102752,VSEC,VSE CORP
1874,1581280,TWST,Twist Bioscience Corp
1875,6955,EPAC,ENERPAC TOOL GROUP CORP
1876,876167,PRGS,PROGRESS SOFTWARE CORP /MA
1877,1275617,UTF,COHEN & STEERS INFRASTRUCTURE FUND INC
1878,708955,FFBC,FIRST FINANCIAL BANCORP /OH/
1879,1749723,NFE,New Fortress Energy Inc.
1880,1524358,VAC,MARRIOTT VACATIONS WORLDWIDE Corp
1881,887596,CAKE,CHEESECAKE FACTORY INC
1882,1541401,ESRT,"Empire State Realty Trust, Inc."
1883,1710072,EWTX,"Edgewise Therapeutics, Inc."
1884,751978,VICR,VICOR CORP
1885,712534,FRME,FIRST MERCHANTS CORP
1886,1381640,MLCO,Melco Resorts & Entertainment LTD
1887,1253986,ABR,ARBOR REALTY TRUST INC
1888,1430162,CSAN,Cosan S.A.
1889,1974640,APGE,"Apogee Therapeutics, Inc."
1890,81362,KWR,QUAKER CHEMICAL CORP
1891,1712807,PAGS,PagSeguro Digital Ltd.
1892,1811414,QS,QuantumScape Corp
1893,1169770,BANC,"BANC OF CALIFORNIA, INC."
1894,887359,VCEL,Vericel Corp
1895,1484565,SLNO,SOLENO THERAPEUTICS INC
1896,1559865,EVTC,"EVERTEC, Inc."
1897,1158449,AAP,ADVANCE AUTO PARTS INC
1898,936528,WAFD,WAFD INC
1899,1549107,MANU,Manchester United plc
1900,103730,VSH,VISHAY INTERTECHNOLOGY INC
1901,1694028,LBRT,Liberty Energy Inc.
1902,819793,AIN,ALBANY INTERNATIONAL CORP /DE/
1903,1847903,CNTA,Centessa Pharmaceuticals plc
1904,1529864,ENVA,"Enova International, Inc."
1905,940942,HUBG,"Hub Group, Inc."
1906,1534504,PBF,PBF Energy Inc.
1907,1340736,ETY,Eaton Vance Tax-Managed Diversified Equity Income Fund
1908,1848763,RNW,ReNew Energy Global plc
1909,1793659,RSI,"Rush Street Interactive, Inc."
1910,1617406,PK,Park Hotels & Resorts Inc.
1911,1889109,BLTE,"BELITE BIO, INC"
1912,763744,LCII,LCI INDUSTRIES
1913,1307748,IVT,InvenTrust Properties Corp.
1914,1345016,YELP,YELP INC
1915,1645113,NVCR,NovoCure Ltd
1916,1334933,UEC,URANIUM ENERGY CORP
1917,1280263,AMBA,AMBARELLA INC
1918,897077,ALG,ALAMO GROUP INC
1919,1552797,DKL,"Delek Logistics Partners, LP"
1920,1210677,FA,FIRST ADVANTAGE CORP
1921,1722608,IQ,"iQIYI, Inc."
1922,827876,CLSK,"CLEANSPARK, INC."
1923,1825088,DFH,"Dream Finders Homes, Inc."
1924,730708,SBCF,SEACOAST BANKING CORP OF FLORIDA
1925,1759425,MIRM,"Mirum Pharmaceuticals, Inc."
1926,1111335,VC,VISTEON CORP
1927,1654126,ZIM,ZIM Integrated Shipping Services Ltd.
1928,1178970,PFS,PROVIDENT FINANCIAL SERVICES INC
1929,2230,ADX,"ADAMS DIVERSIFIED EQUITY FUND, INC."
1930,1553079,ESBA,"Empire State Realty OP, L.P."
1931,1997464,MRX,Marex Group plc
1932,46250,HWKN,HAWKINS INC
1933,1395942,KAR,"OPENLANE, Inc."
1934,1815442,KYMR,"Kymera Therapeutics, Inc."
1935,2006191,LION,Lionsgate Studios Corp.
1936,1116942,TTMI,TTM TECHNOLOGIES INC
1937,1714899,DNLI,Denali Therapeutics Inc.
1938,1666138,ATKR,Atkore Inc.
1939,946673,BANR,BANNER CORP
1940,1441683,APPN,APPIAN CORP
1941,921638,SSRM,SSR MINING INC.
1942,1070985,CXW,"CoreCivic, Inc."
1943,29002,DIOD,DIODES INC /DEL/
1944,1691445,FINV,FinVolution Group
1945,1288847,FIVN,"Five9, Inc."
1946,1756262,TMDX,"TransMedics Group, Inc."
1947,1496919,MRRTY,MARFRIG GLOBAL FOODS S.A.
1948,1495222,OXLC,Oxford Lane Capital Corp.
1949,1320414,SEM,SELECT MEDICAL HOLDINGS CORP
1950,715072,RNST,RENASANT CORP
1951,1834489,GENI,Genius Sports Ltd
1952,887733,CENT,CENTRAL GARDEN & PET CO
1953,1632790,ENR,"ENERGIZER HOLDINGS, INC."
1954,1649749,FBK,FB Financial Corp
1955,891014,MTX,MINERALS TECHNOLOGIES INC
1956,1406666,CALX,"CALIX, INC"
1957,1815779,HAFN,Hafnia Ltd
1958,1788882,ROOT,"Root, Inc."
1959,919012,AEO,AMERICAN EAGLE OUTFITTERS INC
1960,1831481,SOC,Sable Offshore Corp.
1961,1639691,LIVN,LivaNova PLC
1962,1049659,SID,NATIONAL STEEL CO
1963,105418,WMK,WEIS MARKETS INC
1964,98677,TR,TOOTSIE ROLL INDUSTRIES INC
1965,1260729,GDV,GABELLI DIVIDEND & INCOME TRUST
1966,1028918,PPBI,PACIFIC PREMIER BANCORP INC
1967,816761,TDC,TERADATA CORP /DE/
1968,1576940,CCS,"Century Communities, Inc."
1969,1293613,KYN,"Kayne Anderson Energy Infrastructure Fund, Inc."
1970,1517175,CHEF,"Chefs' Warehouse, Inc."
1971,1593275,HG,"Hamilton Insurance Group, Ltd."
1972,2035149,FLOC,Flowco Holdings Inc.
1973,879407,ARWR,"ARROWHEAD PHARMACEUTICALS, INC."
1974,1508655,TSLX,"Sixth Street Specialty Lending, Inc."
1975,98222,TDW,TIDEWATER INC
1976,1627223,CC,Chemours Co
1977,929351,LGF-A,LIONS GATE ENTERTAINMENT CORP /CN/
1978,1922641,ENLT,Enlight Renewable Energy Ltd.
1979,78749,AGYS,AGILYSYS INC
1980,1522540,MQ,"Marqeta, Inc."
1981,48287,HNI,HNI CORP
1982,1420800,ENOV,Enovis CORP
1983,1359841,HBI,Hanesbrands Inc.
1984,832988,SIG,SIGNET JEWELERS LTD
1985,1043509,SAH,SONIC AUTOMOTIVE INC
1986,36146,TRMK,TRUSTMARK CORP
1987,1969373,VTMX,"Vesta Real Estate Corporation, S.A.B. de C.V."
1988,310354,SXI,STANDEX INTERNATIONAL CORP/DE/
1989,80420,POWL,POWELL INDUSTRIES INC
1990,1025835,EFSC,ENTERPRISE FINANCIAL SERVICES CORP
1991,790359,NBTB,NBT BANCORP INC
1992,886163,LGND,LIGAND PHARMACEUTICALS INC
1993,845877,AGM,FEDERAL AGRICULTURAL MORTGAGE CORP
1994,711377,NEOG,NEOGEN CORP
1995,1620393,NXRT,"NexPoint Residential Trust, Inc."
1996,108516,WOR,"WORTHINGTON ENTERPRISES, INC."
1997,1991792,CGON,"CG Oncology, Inc."
1998,1534281,MBUMY,"Mabuchi Motor Co., Ltd./ADR"
1999,1482981,COCO,"Vita Coco Company, Inc."
2000,835324,SYBT,"Stock Yards Bancorp, Inc."
2001,723612,CAR,"AVIS BUDGET GROUP, INC."
2002,26780,DAN,DANA INC
2003,1265131,HTH,Hilltop Holdings Inc.
2004,94344,STC,STEWART INFORMATION SERVICES CORP
2005,2008861,NDOI,"Endo, Inc."
2006,1822966,SMR,NUSCALE POWER Corp
2007,1021162,TGI,TRIUMPH GROUP INC
2008,1013934,STRA,"Strategic Education, Inc."
2009,314489,BUSE,FIRST BUSEY CORP /NV/
2010,1967397,LZMH,LZ Technology Holdings Ltd
2011,73756,OII,OCEANEERING INTERNATIONAL INC
2012,1677576,IIPR,INNOVATIVE INDUSTRIAL PROPERTIES INC
2013,1526520,TRIP,"TripAdvisor, Inc."
2014,1483934,STNG,Scorpio Tankers Inc.
2015,1386716,SBLK,Star Bulk Carriers Corp.
2016,1295810,SHO,"Sunstone Hotel Investors, Inc."
2017,1158463,JBLU,JETBLUE AIRWAYS CORP
2018,814083,CLM,"Cornerstone Strategic Investment Fund, Inc."
2019,1899123,BTDR,Bitdeer Technologies Group
2020,1873529,KLC,"KinderCare Learning Companies, Inc."
2021,1577916,PINC,"Premier, Inc."
2022,912562,ROCK,"GIBRALTAR INDUSTRIES, INC."
2023,56978,KLIC,KULICKE & SOFFA INDUSTRIES INC
2024,1756655,ARDT,"Ardent Health Partners, Inc."
2025,1576427,CRTO,Criteo S.A.
2026,1434614,SAND,SANDSTORM GOLD LTD
2027,2015845,ECG,"Everus Construction Group, Inc."
2028,1519449,SKWD,"Skyward Specialty Insurance Group, Inc."
2029,1078271,EXTR,EXTREME NETWORKS INC
2030,1974138,NATL,NCR Atleos Corp
2031,1802665,HRMY,"Harmony Biosciences Holdings, Inc."
2032,1113232,ACLS,AXCELIS TECHNOLOGIES INC
2033,1907982,QBTS,D-Wave Quantum Inc.
2034,1287032,PSEC,PROSPECT CAPITAL CORP
2035,913241,SHOO,"STEVEN MADDEN, LTD."
2036,354707,HE,HAWAIIAN ELECTRIC INDUSTRIES INC
2037,109177,SPB,"Spectrum Brands Holdings, Inc."
2038,1817713,JANX,"Janux Therapeutics, Inc."
2039,799195,USA,LIBERTY ALL STAR EQUITY FUND
2040,1526113,GNL,"Global Net Lease, Inc."
2041,1877787,ZGN,Ermenegildo Zegna N.V.
2042,1816736,IRON,"Disc Medicine, Inc."
2043,2001184,PACS,"PACS Group, Inc."
2044,1850270,PROK,PROKIDNEY CORP.
2045,1717161,CEPU,CENTRAL PUERTO S.A.
2046,1376139,CVI,CVR ENERGY INC
2047,1323468,GLP,GLOBAL PARTNERS LP
2048,816956,CNMD,CONMED Corp
2049,793074,WERN,WERNER ENTERPRISES INC
2050,700923,MYRG,MYR GROUP INC.
2051,1822492,HLMN,Hillman Solutions Corp.
2052,1871130,BBUC,Brookfield Business Corp
2053,1030469,OFG,OFG BANCORP
2054,812801,NUV,NUVEEN MUNICIPAL VALUE FUND INC
2055,1439222,AGIO,"AGIOS PHARMACEUTICALS, INC."
2056,766829,SJW,SJW GROUP
2057,1612720,NEXT,NextDecade Corp.
2058,1735707,GTX,Garrett Motion Inc.
2059,1158895,LMAT,LEMAITRE VASCULAR INC
2060,949157,CENX,CENTURY ALUMINUM CO
2061,1676163,SSII,"SS Innovations International, Inc."
2062,1819790,TARS,"Tarsus Pharmaceuticals, Inc."
2063,885245,BKE,BUCKLE INC
2064,1831828,VERA,"Vera Therapeutics, Inc."
2065,1801170,CLOV,"CLOVER HEALTH INVESTMENTS, CORP. /DE"
2066,1417398,HI,"Hillenbrand, Inc."
2067,1787306,ARQT,"Arcutis Biotherapeutics, Inc."
2068,1782524,MSDL,Morgan Stanley Direct Lending Fund
2069,924901,VRE,"Veris Residential, Inc."
2070,1828016,PLTK,Playtika Holding Corp.
2071,1356576,SUPN,"SUPERNUS PHARMACEUTICALS, INC."
2072,18654,AILIH,Ameren Illinois Co
2073,1604481,CMBT,CMB.TECH NV
2074,1680062,ACMR,"ACM Research, Inc."
2075,1611005,KEN,Kenon Holdings Ltd.
2076,917520,IART,INTEGRA LIFESCIENCES HOLDINGS CORP
2077,1595974,MGNI,"MAGNITE, INC."
2078,1560327,RPD,"Rapid7, Inc."
2079,1959348,KLG,WK Kellogg Co
2080,812074,OI,"O-I Glass, Inc. /DE/"
2081,1329394,SIMO,Silicon Motion Technology CORP
2082,1809519,GDRX,"GoodRx Holdings, Inc."
2083,1655891,TRMD,TORM plc
2084,1438533,TVTX,"Travere Therapeutics, Inc."
2085,1005757,CSGS,CSG SYSTEMS INTERNATIONAL INC
2086,1704715,AMR,"Alpha Metallurgical Resources, Inc."
2087,1679688,DBRG,"DigitalBridge Group, Inc."
2088,1551306,PGNY,"Progyny, Inc."
2089,1421876,GLPG,GALAPAGOS NV
2090,733269,RAMP,"LiveRamp Holdings, Inc."
2091,1029142,DVAX,DYNAVAX TECHNOLOGIES CORP
2092,1758488,OSW,ONESPAWORLD HOLDINGS Ltd
2093,1865187,ARIS,"Aris Water Solutions, Inc."
2094,923120,GBX,GREENBRIER COMPANIES INC
2095,1825570,PAX,Patria Investments Ltd
2096,726854,CHCO,CITY HOLDING CO
2097,1253327,EVT,Eaton Vance Tax-Advantaged Dividend Income Fund
2098,1345099,MESO,MESOBLAST LTD
2099,1777835,PWP,Perella Weinberg Partners
2100,1627475,UPWK,"UPWORK, INC"
2101,1104657,MTRN,MATERION Corp
2102,1563411,CSTM,CONSTELLIUM SE
2103,1174850,NIC,NICOLET BANKSHARES INC
2104,78814,PBI,PITNEY BOWES INC /DE/
2105,1721947,JAMF,Jamf Holding Corp.
2106,1798618,PDO,PIMCO Dynamic Income Opportunities Fund
2107,1827090,CERT,"Certara, Inc."
2108,1978867,CDLR,Cadeler A/S
2109,1980088,MNR,MACH NATURAL RESOURCES LP
2110,1831097,AGL,"agilon health, inc."
2111,2023311,AAPG,ASCENTAGE PHARMA GROUP INTERNATIONAL
2112,794685,GAB,GABELLI EQUITY TRUST INC
2113,1649313,BWLP,BW LPG Ltd
2114,894405,ARCB,ARCBEST CORP /DE/
2115,850141,HMN,HORACE MANN EDUCATORS CORP /DE/
2116,1508478,ARCO,Arcos Dorados Holdings Inc.
2117,1084048,ZD,"ZIFF DAVIS, INC."
2118,1468328,ADUS,Addus HomeCare Corp
2119,1576018,SPNT,SiriusPoint Ltd
2120,907471,CASH,"PATHWARD FINANCIAL, INC."
2121,1052752,GTY,GETTY REALTY CORP /MD/
2122,1629019,MBIN,Merchants Bancorp
2123,1230992,MAG,MAG SILVER CORP
2124,1853145,EVCM,EverCommerce Inc.
2125,1022408,PLUS,EPLUS INC
2126,1941365,MBC,"MasterBrand, Inc."
2127,920822,OUTKY,OUTOKUMPU OY /FI
2128,804116,RVT,"ROYCE SMALL-CAP TRUST, INC."
2129,1968915,PHIN,PHINIA INC.
2130,1733998,NWN,Northwest Natural Holding Co
2131,933974,AZTA,"Azenta, Inc."
2132,1341335,FSM,FORTUNA MINING CORP.
2133,1580670,LGIH,"LGI Homes, Inc."
2134,1676725,IDYA,"IDEAYA Biosciences, Inc."
2135,1331284,DHT,"DHT Holdings, Inc."
2136,1074952,NAC,Nuveen California Quality Municipal Income Fund
2137,1157842,RQI,COHEN & STEERS QUALITY INCOME REALTY FUND INC
2138,1692412,PLYA,Playa Hotels & Resorts N.V.
2139,1298946,DRH,DiamondRock Hospitality Co
2140,1679049,INSW,"International Seaways, Inc."
2141,811589,FBNC,FIRST BANCORP /NC/
2142,55242,KMT,KENNAMETAL INC
2143,1864843,ECAT,BlackRock ESG Capital Allocation Term Trust
2144,1845097,AMBP,Ardagh Metal Packaging S.A.
2145,1636639,FIHL,Fidelis Insurance Holdings Ltd
2146,1653242,NTB,Bank of N.T. Butterfield & Son Ltd
2147,1730430,KNSA,"Kiniksa Pharmaceuticals International, plc"
2148,1490978,SDGR,"Schrodinger, Inc."
2149,1362004,ICFI,"ICF International, Inc."
2150,876883,STGW,Stagwell Inc
2151,1838406,BKV,BKV Corp
2152,1703141,DESP,"Despegar.com, Corp."
2153,914156,UFPT,UFP TECHNOLOGIES INC
2154,1279495,BTE,BAYTEX ENERGY CORP.
2155,887905,LTC,LTC PROPERTIES INC
2156,99614,TY,TRI-CONTINENTAL Corp
2157,1022321,GEL,GENESIS ENERGY LP
2158,1323885,ATRC,"AtriCure, Inc."
2159,1395213,EDN,EDENOR
2160,1046568,PRDO,PERDOCEO EDUCATION Corp
2161,882796,BCRX,BIOCRYST PHARMACEUTICALS INC
2162,721994,LKFN,LAKELAND FINANCIAL CORP
2163,1020859,UNFI,UNITED NATURAL FOODS INC
2164,1631574,WVE,Wave Life Sciences Ltd.
2165,1723596,CLBK,"Columbia Financial, Inc."
2166,1029145,GOGL,Golden Ocean Group Ltd
2167,712537,FCF,FIRST COMMONWEALTH FINANCIAL CORP /PA/
2168,1653477,NGVT,Ingevity Corp
2169,57131,LZB,LA-Z-BOY INC
2170,1654795,BBU,Brookfield Business Partners L.P.
2171,1823306,LSPD,Lightspeed Commerce Inc.
2172,1286139,LZ,"LEGALZOOM.COM, INC."
2173,28823,DBD,"DIEBOLD NIXDORF, Inc"
2174,1809541,BCAT,BlackRock Capital Allocation Term Trust
2175,1050377,CNXN,PC CONNECTION INC
2176,1064728,BTU,PEABODY ENERGY CORP
2177,1746618,RVLV,"Revolve Group, Inc."
2178,899460,MNKD,MANNKIND CORP
2179,1687221,REVG,"REV Group, Inc."
2180,100591,AGX,ARGAN INC
2181,97134,TNC,TENNANT CO
2182,1332283,BDJ,BlackRock Enhanced Equity Dividend Trust
2183,1697500,SEI,"Solaris Energy Infrastructure, Inc."
2184,789460,WKC,WORLD KINECT CORP
2185,1322436,ETV,Eaton Vance Tax-Managed Buy-Write Opportunities Fund
2186,102426,STEW,"SRH Total Return Fund, Inc."
2187,1488813,CUBI,"Customers Bancorp, Inc."
2188,907242,MCRI,MONARCH CASINO & RESORT INC
2189,1134982,AAPI,"Apple iSports Group, Inc."
2190,1785971,BMEZ,BlackRock Health Sciences Term Trust
2191,1599617,DNOW,DNOW Inc.
2192,1342338,HIMX,"Himax Technologies, Inc."
2193,1601548,VVX,"V2X, Inc."
2194,885740,SPNS,SAPIENS INTERNATIONAL CORP N V
2195,1737450,OPRA,Opera Ltd
2196,1484515,CARCY,China Resources Cement Holdings Limited/ADR/
2197,1471265,NWBI,"Northwest Bancshares, Inc."
2198,1500217,AAT,"American Assets Trust, Inc."
2199,926326,OMCL,"OMNICELL, INC."
2200,1071438,BAK,BRASKEM SA
2201,1093691,PLUG,PLUG POWER INC
2202,1842718,IAS,INTEGRAL AD SCIENCE HOLDING CORP.
2203,1412408,PHR,"Phreesia, Inc."
2204,1477449,TDOC,"Teladoc Health, Inc."
2205,1795139,GTBIF,Green Thumb Industries Inc.
2206,1878848,IREN,IREN Ltd
2207,1222401,HYT,"BLACKROCK CORPORATE HIGH YIELD FUND, INC."
2208,1834488,NABL,"N-able, Inc."
2209,1708259,LX,LexinFintech Holdings Ltd.
2210,1045986,FORTY,FORMULA SYSTEMS (1985) LTD
2211,104894,ELME,Elme Communities
2212,1995306,HDL,SUPER HI INTERNATIONAL HOLDING LTD.
2213,1657788,KRP,"Kimbell Royalty Partners, LP"
2214,1866692,AMPL,"Amplitude, Inc."
2215,1400810,HCI,"HCI Group, Inc."
2216,1865631,NN,NEXTNAV INC.
2217,850209,FL,"FOOT LOCKER, INC."
2218,1803696,ADEA,Adeia Inc.
2219,34782,SRCE,1ST SOURCE CORP
2220,1369241,DAC,Danaos Corp
2221,1834494,MLNK,"MeridianLink, Inc."
2222,894081,ATSG,"Air Transport Services Group, Inc."
2223,1078075,NTCT,NETSCOUT SYSTEMS INC
2224,1771007,AFYA,Afya Ltd
2225,1724965,TALO,TALOS ENERGY INC.
2226,1737706,SDRL,Seadrill Ltd
2227,1475841,NBHC,National Bank Holdings Corp
2228,752642,UMH,"UMH PROPERTIES, INC."
2229,1799983,GB,Global Blue Group Holding AG
2230,1577670,LADR,Ladder Capital Corp
2231,1952073,MSGE,Madison Square Garden Entertainment Corp.
2232,1047340,FDP,FRESH DEL MONTE PRODUCE INC
2233,1096752,EPC,EDGEWELL PERSONAL CARE Co
2234,1047335,NHC,NATIONAL HEALTHCARE CORP
2235,1060822,CRI,CARTERS INC
2236,1473844,STEL,"Stellar Bancorp, Inc."
2237,2032966,TIC,ACUREN CORP
2238,1671927,IMCR,Immunocore Holdings plc
2239,719220,STBA,S&T BANCORP INC
2240,1345126,CODI,Compass Diversified Holdings
2241,714395,GABC,"GERMAN AMERICAN BANCORP, INC."
2242,1568100,PD,"PagerDuty, Inc."
2243,1144879,APLD,Applied Digital Corp.
2244,1428205,ARR,"Armour Residential REIT, Inc."
2245,1371285,TRUP,"TRUPANION, INC."
2246,1495932,EXPI,"eXp World Holdings, Inc."
2247,1792849,HPK,"HighPeak Energy, Inc."
2248,1840572,LUCK,Lucky Strike Entertainment Corp
2249,1172358,DMLP,"DORCHESTER MINERALS, L.P."
2250,1860543,CDRE,"Cadre Holdings, Inc."
2251,1469367,RUN,Sunrun Inc.
2252,1566388,DSL,DoubleLine Income Solutions Fund
2253,901491,PZZA,PAPA JOHNS INTERNATIONAL INC
2254,890541,BLX,"FOREIGN TRADE BANK OF LATIN AMERICA, INC."
2255,1539638,TFIN,"Triumph Financial, Inc."
2256,1320695,THS,"TreeHouse Foods, Inc."
2257,1528437,BTT,BlackRock Municipal 2030 Target Term Trust
2258,1967649,VSTS,Vestis Corp
2259,1572694,GSBD,"Goldman Sachs BDC, Inc."
2260,821026,ANDE,"Andersons, Inc."
2261,1856437,VSCO,Victoria's Secret & Co.
2262,1465740,TWO,TWO HARBORS INVESTMENT CORP.
2263,1270523,ETG,Eaton Vance Tax-Advantaged Global Dividend Income Fund
2264,1587523,KN,Knowles Corp
2265,1828318,ENVX,Enovix Corp
2266,1261654,UTI,UNIVERSAL TECHNICAL INSTITUTE INC
2267,1083446,ASTH,"Astrana Health, Inc."
2268,836157,LNN,LINDSAY CORP
2269,1831840,SEMR,"SEMrush Holdings, Inc."
2270,1981599,CTRI,"Centuri Holdings, Inc."
2271,1711375,LOMA,Loma Negra Compania Industrial Argentina Sociedad Anonima
2272,1836057,BTX,BlackRock Technology & Private Equity Term Trust
2273,863436,BHE,BENCHMARK ELECTRONICS INC
2274,1759783,EH,EHang Holdings Ltd
2275,1332174,GSG,iShares S&P GSCI Commodity-Indexed Trust
2276,1568194,FSCO,FS Credit Opportunities Corp.
2277,1567925,SILA,"Sila Realty Trust, Inc."
2278,1743725,GDYN,"GRID DYNAMICS HOLDINGS, INC."
2279,1818794,DYN,"Dyne Therapeutics, Inc."
2280,1171486,NRP,NATURAL RESOURCE PARTNERS LP
2281,1298699,BXMX,Nuveen S&P 500 BuyWrite Income Fund
2282,1467760,ARI,"Apollo Commercial Real Estate Finance, Inc."
2283,903651,INOD,INNODATA INC
2284,1517375,SPT,"Sprout Social, Inc."
2285,1858257,AVDX,"AvidXchange Holdings, Inc."
2286,1880319,PRM,"Perimeter Solutions, Inc."
2287,102037,UVV,UNIVERSAL CORP /VA/
2288,933036,UPBD,"UPBOUND GROUP, INC."
2289,356171,TCBK,TRICO BANCSHARES /
2290,1498547,CMRF,"CIM REAL ESTATE FINANCE TRUST, INC."
2291,1023024,ANIP,ANI PHARMACEUTICALS INC
2292,1578732,MMI,"Marcus & Millichap, Inc."
2293,744218,CLDX,"Celldex Therapeutics, Inc."
2294,311094,WABC,WESTAMERICA BANCORPORATION
2295,1314727,SONO,Sonos Inc
2296,1857475,DOLE,Dole plc
2297,1632127,CABO,"Cable One, Inc."
2298,84748,ROG,ROGERS CORP
2299,703604,DSGR,"Distribution Solutions Group, Inc."
2300,1593538,NAVI,NAVIENT CORP
2301,1095651,SAFE,Safehold Inc.
2302,1350653,ATEC,"Alphatec Holdings, Inc."
2303,70866,VYX,NCR Voyix Corp
2304,1517399,SUPV,Grupo Supervielle S.A.
2305,810136,PLAB,PHOTRONICS INC
2306,1382821,RDFN,Redfin Corp
2307,1616000,XHR,"Xenia Hotels & Resorts, Inc."
2308,1830033,PCT,"PureCycle Technologies, Inc."
2309,1590750,VRDN,"Viridian Therapeutics, Inc.\DE"
2310,1005210,SPH,SUBURBAN PROPANE PARTNERS LP
2311,1712184,LILA,Liberty Latin America Ltd.
2312,1756699,TIGR,UP Fintech Holding Ltd
2313,1901279,NYAX,Nayax Ltd.
2314,1511337,RLJ,RLJ Lodging Trust
2315,1968487,WS,"Worthington Steel, Inc."
2316,1501570,VBTX,"Veritex Holdings, Inc."
2317,1000694,NVAX,NOVAVAX INC
2318,1437402,ARDX,"ARDELYX, INC."
2319,1670076,ULCC,"Frontier Group Holdings, Inc."
2320,1166388,VRNT,VERINT SYSTEMS INC
2321,1768666,BSTZ,BlackRock Science & Technology Term Trust
2322,824410,SASR,SANDY SPRING BANCORP INC
2323,1393434,OCUL,"OCULAR THERAPEUTIX, INC"
2324,77543,TPC,TUTOR PERINI CORP
2325,66382,MLKN,"MILLERKNOLL, INC."
2326,1545654,ALEX,"Alexander & Baldwin, Inc."
2327,1742692,INMD,InMode Ltd.
2328,1853860,ERO,Ero Copper Corp.
2329,1725255,AHCO,AdaptHealth Corp.
2330,18748,CET,CENTRAL SECURITIES CORP
2331,1579733,VITL,"Vital Farms, Inc."
2332,94049,SCL,STEPAN CO
2333,1414932,OCSL,Oaktree Specialty Lending Corp
2334,1020710,DXPE,DXP ENTERPRISES INC
2335,921582,IMAX,IMAX CORP
2336,826675,DX,DYNEX CAPITAL INC
2337,1462120,LOB,"Live Oak Bancshares, Inc."
2338,1419945,TNK,TEEKAY TANKERS LTD.
2339,1474098,PEB,Pebblebrook Hotel Trust
2340,921557,RBCAA,REPUBLIC BANCORP INC /KY/
2341,1580560,FLYW,Flywire Corp
2342,1128361,HOPE,HOPE BANCORP INC
2343,1597033,SABR,Sabre Corp
2344,1464423,PMT,PennyMac Mortgage Investment Trust
2345,26058,CTS,CTS CORP
2346,1437958,CCB,COASTAL FINANCIAL CORP
2347,1876183,IHS,IHS Holding Ltd
2348,1297184,AMPH,"Amphastar Pharmaceuticals, Inc."
2349,1656081,DAVA,Endava plc
2350,1063259,DNN,DENISON MINES CORP.
2351,1770787,TXG,"10x Genomics, Inc."
2352,1277866,EXK,ENDEAVOUR SILVER CORP
2353,1673504,AGLY,Atlantis Glory Inc.
2354,1266585,NMZ,NUVEEN MUNICIPAL HIGH INCOME OPPORTUNITY FUND
2355,1662991,SEZL,Sezzle Inc.
2356,1828102,KARO,Karooooo Ltd.
2357,1050825,SCS,STEELCASE INC
2358,922864,AIV,APARTMENT INVESTMENT & MANAGEMENT CO
2359,1411579,AMC,"AMC ENTERTAINMENT HOLDINGS, INC."
2360,1077183,NEO,NEOGENOMICS INC
2361,1841968,PX,"P10, Inc."
2362,1798100,NTST,NETSTREIT Corp.
2363,1964789,HUT,Hut 8 Corp.
2364,1477641,DQ,DAQO NEW ENERGY CORP.
2365,103145,VECO,VEECO INSTRUMENTS INC
2366,906465,QCRH,QCR HOLDINGS INC
2367,1408100,KW,"Kennedy-Wilson Holdings, Inc."
2368,907254,BFS,"SAUL CENTERS, INC."
2369,1610601,MOMO,Hello Group Inc.
2370,1065059,LEU,CENTRUS ENERGY CORP
2371,1854640,CGAU,Centerra Gold Inc.
2372,1503584,CMRE,Costamare Inc.
2373,1802255,GRDN,"Guardian Pharmacy Services, Inc."
2374,1669811,DFIN,"Donnelley Financial Solutions, Inc."
2375,2010499,DGNX,Diginex Ltd
2376,1438133,TNDM,TANDEM DIABETES CARE INC
2377,880631,WT,"WisdomTree, Inc."
2378,1848309,SGML,Sigma Lithium Corp
2379,1875444,ARHS,"Arhaus, Inc."
2380,1734713,BV,"BrightView Holdings, Inc."
2381,1053706,CRAI,"CRA INTERNATIONAL, INC."
2382,1023512,DRD,DRDGOLD LTD
2383,1580808,ATEN,"A10 Networks, Inc."
2384,1412558,EVO,Evotec SE
2385,1379041,EIG,"Employers Holdings, Inc."
2386,1018164,WLFC,WILLIS LEASE FINANCE CORP
2387,1625297,INDV,INDIVIOR PLC
2388,846617,DCOM,"Dime Community Bancshares, Inc. /NY/"
2389,1108134,BHLB,BERKSHIRE HILLS BANCORP INC
2390,851310,HLIT,HARMONIC INC
2391,1005731,IDT,IDT CORP
2392,1042893,INVX,"Innovex International, Inc."
2393,1785173,ETNB,"89bio, Inc."
2394,797721,VSAT,VIASAT INC
2395,1278752,MFIC,MidCap Financial Investment Corp
2396,1836833,PL,Planet Labs PBC
2397,1411342,EFC,Ellington Financial Inc.
2398,866829,HLX,HELIX ENERGY SOLUTIONS GROUP INC
2399,1575828,XPRO,EXPRO GROUP HOLDINGS N.V.
2400,1771515,GO,Grocery Outlet Holding Corp.
2401,1819576,LQDA,Liquidia Corp
2402,1772253,FLNG,Flex LNG Ltd.
2403,1829864,TASK,"TaskUs, Inc."
2404,1657573,XMTR,"Xometry, Inc."
2405,893949,MD,"Pediatrix Medical Group, Inc."
2406,1409970,LC,LendingClub Corp
2407,1533615,GMRE,Global Medical REIT Inc.
2408,1496099,NMFC,New Mountain Finance Corp
2409,834365,BLFS,BIOLIFE SOLUTIONS INC
2410,1415921,NMM,Navios Maritime Partners L.P.
2411,1608741,QQQX,Nuveen NASDAQ 100 Dynamic Overwrite Fund
2412,1616678,BST,BlackRock Science & Technology Trust
2413,1689796,JBGS,JBG SMITH Properties
2414,50493,IMKTA,INGLES MARKETS INC
2415,1231346,SA,SEABRIDGE GOLD INC
2416,1425205,IOVA,"IOVANCE BIOTHERAPEUTICS, INC."
2417,1318568,EVRI,Everi Holdings Inc.
2418,821002,GIII,G III APPAREL GROUP LTD /DE/
2419,883237,VRTS,"VIRTUS INVESTMENT PARTNERS, INC."
2420,1747172,KBDC,"Kayne Anderson BDC, Inc."
2421,1024795,HLIO,"HELIOS TECHNOLOGIES, INC."
2422,885978,USPH,U S PHYSICAL THERAPY INC /NV
2423,1888886,GPCR,Structure Therapeutics Inc.
2424,1671858,SPRY,"ARS Pharmaceuticals, Inc."
2425,1620280,UNIT,Uniti Group Inc.
2426,944809,OPK,"OPKO HEALTH, INC."
2427,1607939,UDMY,"Udemy, Inc."
2428,1702750,BY,"BYLINE BANCORP, INC."
2429,1376339,MDXG,"MIMEDX GROUP, INC."
